-- phpMyAdmin SQL Dump
-- version 5.1.0
-- https://www.phpmyadmin.net/
--
-- Servidor: 127.0.0.1
-- Tiempo de generación: 14-04-2021 a las 22:26:26
-- Versión del servidor: 10.4.18-MariaDB
-- Versión de PHP: 7.4.16

SET SQL_MODE = "NO_AUTO_VALUE_ON_ZERO";
START TRANSACTION;
SET time_zone = "+00:00";


/*!40101 SET @OLD_CHARACTER_SET_CLIENT=@@CHARACTER_SET_CLIENT */;
/*!40101 SET @OLD_CHARACTER_SET_RESULTS=@@CHARACTER_SET_RESULTS */;
/*!40101 SET @OLD_COLLATION_CONNECTION=@@COLLATION_CONNECTION */;
/*!40101 SET NAMES utf8mb4 */;

--
-- Base de datos: `fvolcanes`
--

-- --------------------------------------------------------

--
-- Estructura de tabla para la tabla `aaduana`
--

CREATE TABLE `aaduana` (
  `ID_AADUANA` bigint(20) NOT NULL,
  `RUT_AADUANA` varchar(20) DEFAULT NULL,
  `NOMBRE_AADUANA` varchar(300) DEFAULT NULL,
  `RAZON_SOCIAL_AADUANA` varchar(300) DEFAULT NULL,
  `GIRO_AADUANA` varchar(300) DEFAULT NULL,
  `DIRECCION_AADUANA` varchar(300) DEFAULT NULL,
  `CONTACTO_AADUANA` varchar(300) DEFAULT NULL,
  `EMAIL_AADUANA` varchar(300) DEFAULT NULL,
  `TELEFONO_AADUANA` int(11) DEFAULT NULL,
  `ESTADO_REGISTRO` int(11) DEFAULT NULL,
  `CIUDAD` bigint(20) NOT NULL
) ENGINE=InnoDB DEFAULT CHARSET=utf8;

--
-- Volcado de datos para la tabla `aaduana`
--

INSERT INTO `aaduana` (`ID_AADUANA`, `RUT_AADUANA`, `NOMBRE_AADUANA`, `RAZON_SOCIAL_AADUANA`, `GIRO_AADUANA`, `DIRECCION_AADUANA`, `CONTACTO_AADUANA`, `EMAIL_AADUANA`, `TELEFONO_AADUANA`, `ESTADO_REGISTRO`, `CIUDAD`) VALUES
(1, '11', 'pppreub', '11', '11', '1', 'pp', 'pp@pp.cl', 1, 1, 1);

-- --------------------------------------------------------

--
-- Estructura de tabla para la tabla `acarga`
--

CREATE TABLE `acarga` (
  `ID_ACARGA` bigint(20) NOT NULL,
  `NOMBRE_ACARGA` varchar(300) DEFAULT NULL,
  `ESTADO_REGISTRO` int(11) DEFAULT NULL
) ENGINE=InnoDB DEFAULT CHARSET=utf8;

--
-- Volcado de datos para la tabla `acarga`
--

INSERT INTO `acarga` (`ID_ACARGA`, `NOMBRE_ACARGA`, `ESTADO_REGISTRO`) VALUES
(1, 'prueba', 1);

-- --------------------------------------------------------

--
-- Estructura de tabla para la tabla `adestino`
--

CREATE TABLE `adestino` (
  `ID_ADESTINO` bigint(20) NOT NULL,
  `NOMBRE_ADESTINO` varchar(300) DEFAULT NULL,
  `ESTADO_REGISTRO` int(11) DEFAULT NULL
) ENGINE=InnoDB DEFAULT CHARSET=utf8;

--
-- Volcado de datos para la tabla `adestino`
--

INSERT INTO `adestino` (`ID_ADESTINO`, `NOMBRE_ADESTINO`, `ESTADO_REGISTRO`) VALUES
(1, 'PRUEBA', 1);

-- --------------------------------------------------------

--
-- Estructura de tabla para la tabla `aerolinia`
--

CREATE TABLE `aerolinia` (
  `ID_AEROLINIA` bigint(20) NOT NULL,
  `NOMBRE_AEROLINIA` varchar(300) DEFAULT NULL,
  `ESTADO_REGISTRO` int(11) DEFAULT NULL,
  `ID_LAEREA` bigint(20) NOT NULL
) ENGINE=InnoDB DEFAULT CHARSET=utf8;

--
-- Volcado de datos para la tabla `aerolinia`
--

INSERT INTO `aerolinia` (`ID_AEROLINIA`, `NOMBRE_AEROLINIA`, `ESTADO_REGISTRO`, `ID_LAEREA`) VALUES
(1, 'ppp', 1, 1);

-- --------------------------------------------------------

--
-- Estructura de tabla para la tabla `aeronave`
--

CREATE TABLE `aeronave` (
  `ID_AERONAVE` bigint(20) NOT NULL,
  `NOMBRE_AERONAVE` varchar(300) DEFAULT NULL,
  `ESTADO_REGISTRO` int(11) DEFAULT NULL,
  `ID_LAEREA` bigint(20) NOT NULL
) ENGINE=InnoDB DEFAULT CHARSET=utf8;

--
-- Volcado de datos para la tabla `aeronave`
--

INSERT INTO `aeronave` (`ID_AERONAVE`, `NOMBRE_AERONAVE`, `ESTADO_REGISTRO`, `ID_LAEREA`) VALUES
(1, 'PRUEBA', 1, 1);

-- --------------------------------------------------------

--
-- Estructura de tabla para la tabla `afolio`
--

CREATE TABLE `afolio` (
  `ID_AFOLIO` bigint(20) NOT NULL,
  `NUMERO_AFOLIO` int(5) DEFAULT NULL,
  `ESTADO_REGISTRO` int(11) DEFAULT NULL
) ENGINE=InnoDB DEFAULT CHARSET=utf8;

--
-- Volcado de datos para la tabla `afolio`
--

INSERT INTO `afolio` (`ID_AFOLIO`, `NUMERO_AFOLIO`, `ESTADO_REGISTRO`) VALUES
(1, 10000, 1);

-- --------------------------------------------------------

--
-- Estructura de tabla para la tabla `agcarga`
--

CREATE TABLE `agcarga` (
  `ID_AGCARGA` bigint(20) NOT NULL,
  `RUT_AGCARGA` varchar(20) DEFAULT NULL,
  `NOMBRE_AGCARGA` varchar(300) DEFAULT NULL,
  `RAZON_SOCIAL_AGCARGA` varchar(300) DEFAULT NULL,
  `GIRO_AGCARGA` varchar(300) DEFAULT NULL,
  `CODIGO_SAG_AGCARGA` int(11) DEFAULT NULL,
  `DIRECCION_AGCARGA` varchar(300) DEFAULT NULL,
  `CONTACTO_AGCARGA` varchar(300) DEFAULT NULL,
  `EMAIL_AGCARGA` varchar(300) DEFAULT NULL,
  `TELEFONO_AGCARGA` int(11) DEFAULT NULL,
  `ESTADO_REGISTRO` int(11) DEFAULT NULL,
  `CIUDAD` bigint(20) NOT NULL
) ENGINE=InnoDB DEFAULT CHARSET=utf8;

--
-- Volcado de datos para la tabla `agcarga`
--

INSERT INTO `agcarga` (`ID_AGCARGA`, `RUT_AGCARGA`, `NOMBRE_AGCARGA`, `RAZON_SOCIAL_AGCARGA`, `GIRO_AGCARGA`, `CODIGO_SAG_AGCARGA`, `DIRECCION_AGCARGA`, `CONTACTO_AGCARGA`, `EMAIL_AGCARGA`, `TELEFONO_AGCARGA`, `ESTADO_REGISTRO`, `CIUDAD`) VALUES
(1, '11', 'ppp', 'poo', 'ooo', 1, '111', 'ppp', 'pp@pp.cl', 11, 1, 1);

-- --------------------------------------------------------

--
-- Estructura de tabla para la tabla `atmosfera`
--

CREATE TABLE `atmosfera` (
  `ID_ATMOSFERA` bigint(20) NOT NULL,
  `NOMBRE_ATMOSFERA` varchar(300) DEFAULT NULL,
  `ESTADO_REGISTRO` int(11) DEFAULT NULL
) ENGINE=InnoDB DEFAULT CHARSET=utf8;

--
-- Volcado de datos para la tabla `atmosfera`
--

INSERT INTO `atmosfera` (`ID_ATMOSFERA`, `NOMBRE_ATMOSFERA`, `ESTADO_REGISTRO`) VALUES
(1, 'prueba', 1);

-- --------------------------------------------------------

--
-- Estructura de tabla para la tabla `ausuario`
--

CREATE TABLE `ausuario` (
  `ID_AUSUARIO` bigint(20) NOT NULL,
  `FECHA_AUSUARIO` datetime DEFAULT NULL,
  `DETALLE_OPERACION_AUSUARIO` varchar(300) DEFAULT NULL,
  `TIPO_OPERACION_AUSUARIO` int(11) DEFAULT NULL,
  `TABLA_OBJETIVO_AUSUARIO` varchar(100) DEFAULT NULL,
  `ESTADO_REGISTRO` int(11) DEFAULT NULL,
  `NOMBRE_USUARIO` varchar(100) DEFAULT NULL
) ENGINE=InnoDB DEFAULT CHARSET=utf8;

-- --------------------------------------------------------

--
-- Estructura de tabla para la tabla `bodega`
--

CREATE TABLE `bodega` (
  `ID_BODEGA` bigint(20) NOT NULL,
  `NOMBRE_BODEGA` varchar(300) DEFAULT NULL,
  `NOMBRE_CONTACTO_BODEGA` varchar(300) DEFAULT NULL,
  `RUT_CONTACTO_BODEGA` varchar(300) DEFAULT NULL,
  `DIRECCION_BODEGA` varchar(300) DEFAULT NULL,
  `ESTADO_REGISTRO` int(11) DEFAULT NULL,
  `CIUDAD` bigint(20) NOT NULL,
  `ID_PLANTA` bigint(20) NOT NULL
) ENGINE=InnoDB DEFAULT CHARSET=utf8;

--
-- Volcado de datos para la tabla `bodega`
--

INSERT INTO `bodega` (`ID_BODEGA`, `NOMBRE_BODEGA`, `NOMBRE_CONTACTO_BODEGA`, `RUT_CONTACTO_BODEGA`, `DIRECCION_BODEGA`, `ESTADO_REGISTRO`, `CIUDAD`, `ID_PLANTA`) VALUES
(1, 'BODEGA CENTRAL MATERIALES', 'PREUBAS', '11223344-2', 'PRUEBAS', 1, 1, 1);

-- --------------------------------------------------------

--
-- Estructura de tabla para la tabla `broker`
--

CREATE TABLE `broker` (
  `ID_BROKER` bigint(20) NOT NULL,
  `NOMBRE_BROKER` varchar(300) DEFAULT NULL,
  `EORI_BROKER` varchar(300) DEFAULT NULL,
  `DIRECCION_BROKER` varchar(300) DEFAULT NULL,
  `CONTACTO1_BROKER` varchar(300) DEFAULT NULL,
  `CARGO1_BROKER` varchar(300) DEFAULT NULL,
  `EMAIL1_BROKER` varchar(300) DEFAULT NULL,
  `CONTACTO2_BROKER` varchar(300) DEFAULT NULL,
  `CARGO2_BROKER` varchar(300) DEFAULT NULL,
  `EMAIL2_BROKER` varchar(300) DEFAULT NULL,
  `CONTACTO3_BROKER` varchar(300) DEFAULT NULL,
  `CARGO3_BROKER` varchar(300) DEFAULT NULL,
  `EMAIL3_BROKER` varchar(300) DEFAULT NULL,
  `ESTADO_REGISTRO` int(11) DEFAULT NULL,
  `CIUDAD` bigint(20) NOT NULL
) ENGINE=InnoDB DEFAULT CHARSET=utf8;

--
-- Volcado de datos para la tabla `broker`
--

INSERT INTO `broker` (`ID_BROKER`, `NOMBRE_BROKER`, `EORI_BROKER`, `DIRECCION_BROKER`, `CONTACTO1_BROKER`, `CARGO1_BROKER`, `EMAIL1_BROKER`, `CONTACTO2_BROKER`, `CARGO2_BROKER`, `EMAIL2_BROKER`, `CONTACTO3_BROKER`, `CARGO3_BROKER`, `EMAIL3_BROKER`, `ESTADO_REGISTRO`, `CIUDAD`) VALUES
(1, 'pp', '11', '1', '1', '1', '1@1.cl', '2', '2', '2@2.cl', '3', '3', '3@3.cl', 1, 1);

-- --------------------------------------------------------

--
-- Estructura de tabla para la tabla `calibre`
--

CREATE TABLE `calibre` (
  `ID_CALIBRE` bigint(20) NOT NULL,
  `NOMBRE_CALIBRE` varchar(300) DEFAULT NULL,
  `ESTADO_REGISTRO` int(11) DEFAULT NULL
) ENGINE=InnoDB DEFAULT CHARSET=utf8;

--
-- Volcado de datos para la tabla `calibre`
--

INSERT INTO `calibre` (`ID_CALIBRE`, `NOMBRE_CALIBRE`, `ESTADO_REGISTRO`) VALUES
(1, '14', 1),
(2, '16', 1),
(3, '12', 1);

-- --------------------------------------------------------

--
-- Estructura de tabla para la tabla `ccalidad`
--

CREATE TABLE `ccalidad` (
  `ID_CCALIDAD` bigint(20) NOT NULL,
  `NOMBRE_CCALIDAD` varchar(30) DEFAULT NULL,
  `RGB_CCALIDAD` varchar(45) DEFAULT NULL,
  `ESTADO_REGISTRO` int(11) DEFAULT NULL
) ENGINE=InnoDB DEFAULT CHARSET=utf8;

--
-- Volcado de datos para la tabla `ccalidad`
--

INSERT INTO `ccalidad` (`ID_CCALIDAD`, `NOMBRE_CCALIDAD`, `RGB_CCALIDAD`, `ESTADO_REGISTRO`) VALUES
(1, 'Negro', '#464646', 1);

-- --------------------------------------------------------

--
-- Estructura de tabla para la tabla `ciudad`
--

CREATE TABLE `ciudad` (
  `ID_CIUDAD` bigint(20) NOT NULL,
  `NOMBRE_CIUDAD` varchar(300) DEFAULT NULL,
  `ESTADO_REGISTRO` int(11) DEFAULT NULL,
  `ID_COMUNA` bigint(20) NOT NULL
) ENGINE=InnoDB DEFAULT CHARSET=utf8;

--
-- Volcado de datos para la tabla `ciudad`
--

INSERT INTO `ciudad` (`ID_CIUDAD`, `NOMBRE_CIUDAD`, `ESTADO_REGISTRO`, `ID_COMUNA`) VALUES
(1, 'Los Angeles', 1, 153);

-- --------------------------------------------------------

--
-- Estructura de tabla para la tabla `comuna`
--

CREATE TABLE `comuna` (
  `ID_COMUNA` bigint(20) NOT NULL,
  `NOMBRE_COMUNA` varchar(45) DEFAULT NULL,
  `ESTADO_REGISTRO` int(11) DEFAULT NULL,
  `ID_PROVINCIA` bigint(20) NOT NULL
) ENGINE=InnoDB DEFAULT CHARSET=utf8;

--
-- Volcado de datos para la tabla `comuna`
--

INSERT INTO `comuna` (`ID_COMUNA`, `NOMBRE_COMUNA`, `ESTADO_REGISTRO`, `ID_PROVINCIA`) VALUES
(1, 'ALGARROBO', 1, 16),
(2, 'ALHUE', 1, 52),
(3, 'ALTO BIOBIO', 1, 28),
(4, 'ALTO DEL CARMEN', 1, 8),
(5, 'ALTO HOSPICIO', 1, 1),
(6, 'ANCUD', 1, 35),
(7, 'ANDACOLLO', 1, 9),
(8, 'ANGOL', 1, 32),
(9, 'ANTOFAGASTA', 1, 3),
(10, 'ANTUCO', 1, 28),
(11, 'ARAUCO', 1, 27),
(12, 'ARICA', 1, 47),
(13, 'AYSEN', 1, 37),
(14, 'BUIN', 1, 51),
(15, 'BULNES', 1, 56),
(16, 'CABILDO', 1, 14),
(17, 'CABO DE HORNOS', 1, 41),
(18, 'CABRERO', 1, 28),
(19, 'CALAMA', 1, 4),
(20, 'CALBUCO', 1, 34),
(21, 'CALDERA', 1, 7),
(22, 'CALERA DE TANGO', 1, 51),
(23, 'CALLE LARGA', 1, 13),
(24, 'CAMARONES', 1, 47),
(25, 'CAMINA', 1, 2),
(26, 'CANELA', 1, 11),
(27, 'CANETE', 1, 27),
(28, 'CARAHUE', 1, 31),
(29, 'CARTAGENA', 1, 16),
(30, 'CASABLANCA', 1, 18),
(31, 'CASTRO', 1, 35),
(32, 'CATEMU', 1, 17),
(33, 'CAUQUENES', 1, 23),
(34, 'CERRILLOS', 1, 53),
(35, 'CERRO NAVIA', 1, 53),
(36, 'CHAITEN', 1, 36),
(37, 'CHANARAL', 1, 6),
(38, 'CHANCO', 1, 23),
(39, 'CHEPICA', 1, 21),
(40, 'CHIGUAYANTE', 1, 29),
(41, 'CHILE CHICO', 1, 40),
(42, 'CHILLAN', 1, 56),
(43, 'CHILLAN VIEJO', 1, 56),
(44, 'CHIMBARONGO', 1, 21),
(45, 'CHOLCHOL', 1, 31),
(46, 'CHONCHI', 1, 35),
(47, 'PUETO CISNES', 1, 37),
(48, 'COBQUECURA', 1, 55),
(49, 'COCHAMO', 1, 34),
(50, 'COCHRANE', 1, 38),
(51, 'CODEGUA', 1, 20),
(52, 'COELEMU', 1, 55),
(53, 'COIHUECO', 1, 57),
(54, 'COINCO', 1, 20),
(55, 'COLBUN', 1, 25),
(56, 'COLCHANE', 1, 2),
(57, 'COLINA', 1, 49),
(58, 'COLLIPULLI', 1, 32),
(59, 'COLTAUCO', 1, 20),
(60, 'COMBARBALA', 1, 10),
(61, 'CONCEPCION', 1, 29),
(62, 'CONCHALI', 1, 53),
(63, 'CONCON', 1, 18),
(64, 'CONSTITUCION', 1, 26),
(65, 'CONTULMO', 1, 27),
(66, 'COPIAPO', 1, 7),
(67, 'COQUIMBO', 1, 9),
(68, 'CORONEL', 1, 29),
(69, 'CORRAL', 1, 46),
(70, 'COYHAIQUE', 1, 39),
(71, 'CUNCO', 1, 31),
(72, 'CURACAUTIN', 1, 32),
(73, 'CURACAVI', 1, 52),
(74, 'CURACO DE VELEZ', 1, 35),
(75, 'CURANILAHUE', 1, 27),
(76, 'CURARREHUE', 1, 31),
(77, 'CUREPTO', 1, 26),
(78, 'CURICO', 1, 24),
(79, 'DALCAHUE', 1, 35),
(80, 'DIEGO DE ALMAGRO', 1, 6),
(81, 'DONIHUE', 1, 20),
(82, 'EL BOSQUE', 1, 53),
(83, 'EL CARMEN', 1, 56),
(84, 'EL MONTE', 1, 54),
(85, 'EL QUISCO', 1, 16),
(86, 'EL TABO', 1, 16),
(87, 'EMPEDRADO', 1, 26),
(88, 'ERCILLA', 1, 32),
(89, 'ESTACION CENTRAL', 1, 53),
(90, 'FLORIDA', 1, 29),
(91, 'FREIRE', 1, 31),
(92, 'FREIRINA', 1, 8),
(93, 'FRESIA', 1, 34),
(94, 'FRUTILLAR', 1, 34),
(95, 'FUTALEUFU', 1, 36),
(96, 'FUTRONO', 1, 45),
(97, 'GALVARINO', 1, 31),
(98, 'GENERAL LAGOS', 1, 48),
(99, 'GORBEA', 1, 31),
(100, 'GRANEROS', 1, 20),
(101, 'GUAITECAS', 1, 37),
(102, 'HIJUELAS', 1, 15),
(103, 'HUALAIHUE', 1, 36),
(104, 'HUALANE', 1, 24),
(105, 'HUALPEN', 1, 29),
(106, 'HUALQUI', 1, 29),
(107, 'HUARA', 1, 2),
(108, 'HUASCO', 1, 8),
(109, 'HUECHURABA', 1, 53),
(110, 'ILLAPEL', 1, 11),
(111, 'INDEPENDENCIA', 1, 53),
(112, 'IQUIQUE', 1, 1),
(113, 'ISLA DE MAIPO', 1, 54),
(114, 'ISLA DE PASCUA', 1, 12),
(115, 'JUAN FERNANDEZ', 1, 18),
(116, 'LA CALERA', 1, 15),
(117, 'LA CISTERNA', 1, 53),
(118, 'LA CRUZ', 1, 15),
(119, 'LA ESTRELLA', 1, 22),
(120, 'LA FLORIDA', 1, 53),
(121, 'LA GRANJA', 1, 53),
(122, 'LA HIGUERA', 1, 9),
(123, 'LA LIGUA', 1, 14),
(124, 'LA PINTANA', 1, 53),
(125, 'LA REINA', 1, 53),
(126, 'LA SERENA', 1, 9),
(127, 'LA UNION', 1, 45),
(128, 'LAGO RANCO', 1, 45),
(129, 'LAGO VERDE', 1, 39),
(130, 'LAGUNA BLANCA', 1, 42),
(131, 'LAJA', 1, 28),
(132, 'LAMPA', 1, 49),
(133, 'LANCO', 1, 46),
(134, 'LAS CABRAS', 1, 20),
(135, 'LAS CONDES', 1, 53),
(136, 'LAUTARO', 1, 31),
(137, 'LEBU', 1, 27),
(138, 'LICANTEN', 1, 24),
(139, 'LIMACHE', 1, 19),
(140, 'LINARES', 1, 25),
(141, 'LITUECHE', 1, 22),
(142, 'LLANQUIHUE', 1, 34),
(143, 'LLAY-LLAY', 1, 17),
(144, 'LO BARNECHEA', 1, 53),
(145, 'LO ESPEJO', 1, 53),
(146, 'LO PRADO', 1, 53),
(147, 'LOLOL', 1, 21),
(148, 'LONCOCHE', 1, 31),
(149, 'LONGAVI', 1, 25),
(150, 'LONQUIMAY', 1, 32),
(151, 'LOS ALAMOS', 1, 27),
(152, 'LOS ANDES', 1, 13),
(153, 'LOS ANGELES', 1, 28),
(154, 'LOS LAGOS', 1, 46),
(155, 'LOS MUERMOS', 1, 34),
(156, 'LOS SAUCES', 1, 32),
(157, 'LOS VILOS', 1, 11),
(158, 'LOTA', 1, 29),
(159, 'LUMACO', 1, 32),
(160, 'MACHALI', 1, 20),
(161, 'MACUL', 1, 53),
(162, 'MAFIL', 1, 46),
(163, 'MAIPU', 1, 53),
(164, 'MALLOA', 1, 20),
(165, 'MARCHIGUE', 1, 22),
(166, 'MARIA ELENA', 1, 5),
(167, 'MARIA PINTO', 1, 52),
(168, 'MARIQUINA', 1, 46),
(169, 'MAULE', 1, 26),
(170, 'MAULLIN', 1, 34),
(171, 'MEJILLONES', 1, 3),
(172, 'MELIPEUCO', 1, 31),
(173, 'MELIPILLA', 1, 52),
(174, 'MOLINA', 1, 24),
(175, 'MONTE PATRIA', 1, 10),
(176, 'MULCHEN', 1, 28),
(177, 'NACIMIENTO', 1, 28),
(178, 'NANCAGUA', 1, 21),
(179, 'PUERTO NATALES', 1, 44),
(180, 'NAVIDAD', 1, 22),
(181, 'NEGRETE', 1, 28),
(182, 'NINHUE', 1, 55),
(183, 'NIQUEN', 1, 57),
(184, 'NOGALES', 1, 15),
(185, 'NUEVA IMPERIAL', 1, 31),
(186, 'NUNOA', 1, 53),
(187, 'OHIGGINS', 1, 38),
(188, 'OLIVAR', 1, 20),
(189, 'OLLAGUE', 1, 4),
(190, 'OLMUE', 1, 19),
(191, 'OSORNO', 1, 33),
(192, 'OVALLE', 1, 10),
(193, 'PADRE HURTADO', 1, 54),
(194, 'PADRE LAS CASAS', 1, 31),
(195, 'PAIHUANO', 1, 9),
(196, 'PAILLACO', 1, 46),
(197, 'PAINE', 1, 51),
(198, 'PALENA', 1, 36),
(199, 'PALMILLA', 1, 21),
(200, 'PANGUIPULLI', 1, 46),
(201, 'PANQUEHUE', 1, 17),
(202, 'PAPUDO', 1, 14),
(203, 'PAREDONES', 1, 22),
(204, 'PARRAL', 1, 25),
(205, 'PEDRO AGUIRRE CERDA', 1, 53),
(206, 'PELARCO', 1, 26),
(207, 'PELLUHUE', 1, 23),
(208, 'PEMUCO', 1, 56),
(209, 'PENAFLOR', 1, 54),
(210, 'PENALOLEN', 1, 53),
(211, 'PENCAHUE', 1, 26),
(212, 'PENCO', 1, 29),
(213, 'PERALILLO', 1, 21),
(214, 'PERQUENCO', 1, 31),
(215, 'PETORCA', 1, 14),
(216, 'PEUMO', 1, 20),
(217, 'PICA', 1, 2),
(218, 'PICHIDEGUA', 1, 20),
(219, 'PICHILEMU', 1, 22),
(220, 'PINTO', 1, 56),
(221, 'PIRQUE', 1, 50),
(222, 'PITRUFQUEN', 1, 31),
(223, 'PLACILLA', 1, 21),
(224, 'PORTEZUELO', 1, 55),
(225, 'PORVENIR', 1, 43),
(226, 'POZO ALMONTE', 1, 2),
(227, 'PRIMAVERA', 1, 43),
(228, 'PROVIDENCIA', 1, 53),
(229, 'PUCHUNCAVI', 1, 18),
(230, 'PUCON', 1, 31),
(231, 'PUDAHUEL', 1, 53),
(232, 'PUENTE ALTO', 1, 50),
(233, 'PUERTO MONTT', 1, 34),
(234, 'PUERTO OCTAY', 1, 33),
(235, 'PUERTO VARAS', 1, 34),
(236, 'PUMANQUE', 1, 21),
(237, 'PUNITAQUI', 1, 10),
(238, 'PUNTA ARENAS', 1, 42),
(239, 'PUQUELDON', 1, 35),
(240, 'PUREN', 1, 32),
(241, 'PURRANQUE', 1, 33),
(242, 'PUTAENDO', 1, 17),
(243, 'PUTRE', 1, 48),
(244, 'PUYEHUE', 1, 33),
(245, 'QUEILEN', 1, 35),
(246, 'QUELLON', 1, 35),
(247, 'QUEMCHI', 1, 35),
(248, 'QUILACO', 1, 28),
(249, 'QUILICURA', 1, 53),
(250, 'QUILLECO', 1, 28),
(251, 'QUILLON', 1, 56),
(252, 'QUILLOTA', 1, 15),
(253, 'QUILPUE', 1, 19),
(254, 'QUINCHAO', 1, 35),
(255, 'QUINTA DE TILCOCO', 1, 20),
(256, 'QUINTA NORMAL', 1, 53),
(257, 'QUINTERO', 1, 18),
(258, 'QUIRIHUE', 1, 55),
(259, 'RANCAGUA', 1, 20),
(260, 'RANQUIL', 1, 55),
(261, 'RAUCO', 1, 24),
(262, 'RECOLETA', 1, 53),
(263, 'RENAICO', 1, 32),
(264, 'RENCA', 1, 53),
(265, 'RENGO', 1, 20),
(266, 'REQUINOA', 1, 20),
(267, 'RETIRO', 1, 25),
(268, 'RINCONADA', 1, 13),
(269, 'RIO BUENO', 1, 45),
(270, 'RIO CLARO', 1, 26),
(271, 'RIO HURTADO', 1, 10),
(272, 'RIO IBANEZ', 1, 40),
(273, 'RIO NEGRO', 1, 33),
(274, 'RIO VERDE', 1, 42),
(275, 'ROMERAL', 1, 24),
(276, 'PUERTO SAAVEDRA', 1, 31),
(277, 'SAGRADA FAMILIA', 1, 24),
(278, 'SALAMANCA', 1, 11),
(279, 'SAN ANTONIO', 1, 16),
(280, 'SAN BERNARDO', 1, 51),
(281, 'SAN CARLOS', 1, 57),
(282, 'SAN CLEMENTE', 1, 26),
(283, 'SAN ESTEBAN', 1, 13),
(284, 'SAN FABIAN', 1, 57),
(285, 'SAN FELIPE', 1, 17),
(286, 'SAN FERNANDO', 1, 21),
(287, 'SAN FRANCISCO DE MOSTAZAL', 1, 20),
(288, 'SAN GREGORIO', 1, 42),
(289, 'SAN IGNACIO', 1, 56),
(290, 'SAN JAVIER', 1, 25),
(291, 'SAN JOAQUIN', 1, 53),
(292, 'SAN JOSE DE MAIPO', 1, 50),
(293, 'SAN JUAN DE LA COSTA', 1, 33),
(294, 'SAN MIGUEL', 1, 53),
(295, 'SAN NICOLAS', 1, 57),
(296, 'SAN PABLO', 1, 33),
(297, 'SAN PEDRO', 1, 52),
(298, 'SAN PEDRO DE ATACAMA', 1, 4),
(299, 'SAN PEDRO DE LA PAZ', 1, 29),
(300, 'SAN RAFAEL', 1, 26),
(301, 'SAN RAMON', 1, 53),
(302, 'SAN ROSENDO', 1, 28),
(303, 'SAN VICENTE', 1, 20),
(304, 'SANTA BARBARA', 1, 28),
(305, 'SANTA CRUZ', 1, 21),
(306, 'SANTA JUANA', 1, 29),
(307, 'SANTA MARIA', 1, 17),
(308, 'SANTIAGO', 1, 53),
(311, 'SANTO DOMINGO', 1, 16),
(312, 'SIERRA GORDA', 1, 3),
(313, 'TALAGANTE', 1, 54),
(314, 'TALCA', 1, 26),
(315, 'TALCAHUANO', 1, 29),
(316, 'TALTAL', 1, 3),
(317, 'TEMUCO', 1, 31),
(318, 'TENO', 1, 24),
(319, 'TEODORO SCHMIDT', 1, 31),
(320, 'TIERRA AMARILLA', 1, 7),
(321, 'TIL-TIL', 1, 49),
(322, 'TIMAUKEL', 1, 43),
(323, 'TIRUA', 1, 27),
(324, 'TOCOPILLA', 1, 5),
(325, 'TOLTEN', 1, 31),
(326, 'TOME', 1, 29),
(327, 'TORRES DEL PAINE', 1, 44),
(328, 'TORTEL', 1, 38),
(329, 'TRAIGUEN', 1, 32),
(330, 'TREHUACO', 1, 55),
(331, 'TUCAPEL', 1, 28),
(332, 'VALDIVIA', 1, 46),
(333, 'VALLENAR', 1, 8),
(334, 'VALPARAISO', 1, 18),
(335, 'VICHUQUEN', 1, 24),
(336, 'VICTORIA', 1, 32),
(337, 'VICUNA', 1, 9),
(338, 'VILCUN', 1, 31),
(339, 'VILLA ALEGRE', 1, 25),
(340, 'VILLA ALEMANA', 1, 19),
(341, 'VILLARRICA', 1, 31),
(342, 'VINA DEL MAR', 1, 18),
(343, 'VITACURA', 1, 53),
(344, 'YERBAS BUENAS', 1, 25),
(345, 'YUMBEL', 1, 28),
(346, 'YUNGAY', 1, 56),
(347, 'ZAPALLAR', 1, 14),
(348, 'ANTARTICA', 1, 41);

-- --------------------------------------------------------

--
-- Estructura de tabla para la tabla `conductor`
--

CREATE TABLE `conductor` (
  `ID_CONDUCTOR` bigint(20) NOT NULL,
  `RUT_CONDUCTOR` varchar(300) DEFAULT NULL,
  `NOMBRE_CONDUCTOR` varchar(300) DEFAULT NULL,
  `TELEFONO_CONDUCTOR` bigint(20) DEFAULT NULL,
  `EMAIL_CONDUCTOR` varchar(300) DEFAULT NULL,
  `NOTA_CONDUCTOR` varchar(300) DEFAULT NULL,
  `ESTADO_REGISTRO` int(11) DEFAULT NULL
) ENGINE=InnoDB DEFAULT CHARSET=utf8;

--
-- Volcado de datos para la tabla `conductor`
--

INSERT INTO `conductor` (`ID_CONDUCTOR`, `RUT_CONDUCTOR`, `NOMBRE_CONDUCTOR`, `TELEFONO_CONDUCTOR`, `EMAIL_CONDUCTOR`, `NOTA_CONDUCTOR`, `ESTADO_REGISTRO`) VALUES
(1, '18617223K', 'GABRIEL', 1, 'PRUEBA@PRUEBA.CL', NULL, 1);

-- --------------------------------------------------------

--
-- Estructura de tabla para la tabla `consignatario`
--

CREATE TABLE `consignatario` (
  `ID_CONSIGNATARIO` bigint(20) NOT NULL,
  `NOMBRE_CONSIGNATARIO` varchar(300) DEFAULT NULL,
  `DIRECCION_CONSIGNATARIO` varchar(300) DEFAULT NULL,
  `CONTACTO1_CONSIGNATARIO` varchar(300) DEFAULT NULL,
  `CARGO1_CONSIGNATARIO` varchar(300) DEFAULT NULL,
  `EMAIL1_CONSIGNATARIO` varchar(300) DEFAULT NULL,
  `CONTACTO2_CONSIGNATARIO` varchar(300) DEFAULT NULL,
  `CARGO2_CONSIGNATARIO` varchar(300) DEFAULT NULL,
  `EMAIL2_CONSIGNATARIO` varchar(300) DEFAULT NULL,
  `CONTACTO3_CONSIGNATARIO` varchar(300) DEFAULT NULL,
  `CARGO3_CONSIGNATARIO` varchar(300) DEFAULT NULL,
  `EMAIL3_CONSIGNATARIO` varchar(300) DEFAULT NULL,
  `ESTADO_REGISTRO` int(11) DEFAULT NULL,
  `CIUDAD` bigint(20) NOT NULL
) ENGINE=InnoDB DEFAULT CHARSET=utf8;

--
-- Volcado de datos para la tabla `consignatario`
--

INSERT INTO `consignatario` (`ID_CONSIGNATARIO`, `NOMBRE_CONSIGNATARIO`, `DIRECCION_CONSIGNATARIO`, `CONTACTO1_CONSIGNATARIO`, `CARGO1_CONSIGNATARIO`, `EMAIL1_CONSIGNATARIO`, `CONTACTO2_CONSIGNATARIO`, `CARGO2_CONSIGNATARIO`, `EMAIL2_CONSIGNATARIO`, `CONTACTO3_CONSIGNATARIO`, `CARGO3_CONSIGNATARIO`, `EMAIL3_CONSIGNATARIO`, `ESTADO_REGISTRO`, `CIUDAD`) VALUES
(1, 'KJJJJ', 'pp', '1', '1', '1@1.cl', '2', '2', '2@2.cl', '3', '3', '3@3.cl', 1, 1);

-- --------------------------------------------------------

--
-- Estructura de tabla para la tabla `cuartel`
--

CREATE TABLE `cuartel` (
  `ID_CUARTEL` bigint(20) NOT NULL,
  `NOMBRE_CUARTEL` varchar(300) DEFAULT NULL,
  `TIEMPO_PRODUCCION_ANO_CUARTEL` int(11) DEFAULT NULL,
  `ANO_PLANTACION_CUARTEL` int(11) DEFAULT NULL,
  `HECTAREAS_CUARTEL` int(11) DEFAULT NULL,
  `PLANTAS_EN_HECTAREAS` int(11) DEFAULT NULL,
  `DISTANCIA_PLANTA_CUARTEL` varchar(45) DEFAULT NULL,
  `ESTADO_REGISTRO` int(11) DEFAULT NULL,
  `ID_VESPECIES` bigint(20) NOT NULL
) ENGINE=InnoDB DEFAULT CHARSET=utf8;

--
-- Volcado de datos para la tabla `cuartel`
--

INSERT INTO `cuartel` (`ID_CUARTEL`, `NOMBRE_CUARTEL`, `TIEMPO_PRODUCCION_ANO_CUARTEL`, `ANO_PLANTACION_CUARTEL`, `HECTAREAS_CUARTEL`, `PLANTAS_EN_HECTAREAS`, `DISTANCIA_PLANTA_CUARTEL`, `ESTADO_REGISTRO`, `ID_VESPECIES`) VALUES
(1, 'CUARTEL 1', 1, 2020, 1, 1, '1', 1, 8);

-- --------------------------------------------------------

--
-- Estructura de tabla para la tabla `cventa`
--

CREATE TABLE `cventa` (
  `ID_CVENTA` bigint(20) NOT NULL,
  `NOMBRE_CVENTA` varchar(300) DEFAULT NULL,
  `NOTA_CVENTA` varchar(300) DEFAULT NULL,
  `ESTADO_REGISTRO` int(11) DEFAULT NULL
) ENGINE=InnoDB DEFAULT CHARSET=utf8;

--
-- Volcado de datos para la tabla `cventa`
--

INSERT INTO `cventa` (`ID_CVENTA`, `NOMBRE_CVENTA`, `NOTA_CVENTA`, `ESTADO_REGISTRO`) VALUES
(1, 'PRUEBA', '', 1),
(2, 'PRUEBA2', '', 1);

-- --------------------------------------------------------

--
-- Estructura de tabla para la tabla `dfinal`
--

CREATE TABLE `dfinal` (
  `ID_DFINAL` bigint(20) NOT NULL,
  `NOMBRE_DFINAL` varchar(300) DEFAULT NULL,
  `ESTADO_REGISTRO` int(11) DEFAULT NULL
) ENGINE=InnoDB DEFAULT CHARSET=utf8;

--
-- Volcado de datos para la tabla `dfinal`
--

INSERT INTO `dfinal` (`ID_DFINAL`, `NOMBRE_DFINAL`, `ESTADO_REGISTRO`) VALUES
(1, 'pp', 1);

-- --------------------------------------------------------

--
-- Estructura de tabla para la tabla `dicarga`
--

CREATE TABLE `dicarga` (
  `ID_DICARGA` bigint(20) NOT NULL,
  `KILOS_NETO_DICARGA` decimal(11,2) DEFAULT NULL,
  `KILOS_BRUTO_DICARGA` decimal(11,2) DEFAULT NULL,
  `PRECIO_US_DICARGA` int(11) DEFAULT NULL,
  `TOTAL_PRECIO_US_DICARGA` int(11) DEFAULT NULL,
  `ESTADO` int(11) DEFAULT NULL,
  `ESTADO_REGISTRO` int(11) DEFAULT NULL,
  `ID_ESTANDAR` bigint(20) NOT NULL,
  `ID_VESPECIES` bigint(20) NOT NULL,
  `ID_CALIBRE` bigint(20) NOT NULL
) ENGINE=InnoDB DEFAULT CHARSET=utf8;

-- --------------------------------------------------------

--
-- Estructura de tabla para la tabla `dpexportacion`
--

CREATE TABLE `dpexportacion` (
  `ID_DPEXPORTACION` bigint(20) NOT NULL,
  `FOLIO_DPEXPORTACION` int(11) DEFAULT NULL,
  `FOLIO_AUX_DPEXPORTACION` int(11) DEFAULT NULL,
  `NUMERO_LINEA` int(11) DEFAULT NULL,
  `FECHA_EMBALADO_DPEXPORTACION` date DEFAULT NULL,
  `CANTIDAD_ENVASE_DPEXPORTACION` int(11) DEFAULT NULL,
  `KILOS_NETO_DPEXPORTACION` decimal(11,2) DEFAULT NULL,
  `PDESHIDRATACION_DPEXPORTACION` decimal(11,2) DEFAULT NULL,
  `KILOS_DESHIDRATACION_DPEXPORTACION` decimal(11,2) DEFAULT NULL,
  `KILOS_BRUTO_DPEXPORTACION` decimal(11,2) DEFAULT NULL,
  `EMBOLSADO` int(11) DEFAULT NULL,
  `ESTADO` int(11) DEFAULT NULL,
  `ESTADO_REGISTRO` int(11) DEFAULT NULL,
  `ID_ESTANDAR` bigint(20) NOT NULL,
  `ID_CALIBRE` bigint(20) NOT NULL,
  `ID_FOLIO` bigint(20) NOT NULL,
  `ID_PVESPECIES` bigint(20) NOT NULL,
  `ID_PRODUCTOR` bigint(20) NOT NULL,
  `ID_PROCESO` bigint(20) NOT NULL
) ENGINE=InnoDB DEFAULT CHARSET=utf8;

--
-- Volcado de datos para la tabla `dpexportacion`
--

INSERT INTO `dpexportacion` (`ID_DPEXPORTACION`, `FOLIO_DPEXPORTACION`, `FOLIO_AUX_DPEXPORTACION`, `NUMERO_LINEA`, `FECHA_EMBALADO_DPEXPORTACION`, `CANTIDAD_ENVASE_DPEXPORTACION`, `KILOS_NETO_DPEXPORTACION`, `PDESHIDRATACION_DPEXPORTACION`, `KILOS_DESHIDRATACION_DPEXPORTACION`, `KILOS_BRUTO_DPEXPORTACION`, `EMBOLSADO`, `ESTADO`, `ESTADO_REGISTRO`, `ID_ESTANDAR`, `ID_CALIBRE`, `ID_FOLIO`, `ID_PVESPECIES`, `ID_PRODUCTOR`, `ID_PROCESO`) VALUES
(1, 11210001, 11210001, 1, '2021-04-05', 240, '360.00', '5.00', '378.00', '541.00', 0, 0, 1, 2, 1, 2, 1, 1, 1),
(2, 11210002, 11210002, 2, '2021-04-05', 211, '316.50', '5.00', '332.33', '477.93', 0, 0, 1, 2, 1, 2, 1, 1, 1),
(4, 11210004, 11210004, 1, '2021-04-05', 390, '585.00', '1.00', '590.85', '842.85', 1, 0, 1, 1, 1, 2, 1, 1, 2),
(5, 11210005, 11210005, 2, '2021-04-05', 390, '585.00', '1.00', '590.85', '842.85', 1, 0, 1, 1, 1, 2, 1, 1, 2);

-- --------------------------------------------------------

--
-- Estructura de tabla para la tabla `dpindustrial`
--

CREATE TABLE `dpindustrial` (
  `ID_DPINDUSTRIAL` bigint(20) NOT NULL,
  `FOLIO_DPINDUSTRIAL` int(11) DEFAULT NULL,
  `FOLIO_AUX_DPINDUSTRIAL` int(11) DEFAULT NULL,
  `FECHA_EMBALADO_DPINDUSTRIAL` date DEFAULT NULL,
  `NUMERO_LINEA` int(11) DEFAULT NULL,
  `KILOS_NETO_DPINDUSTRIAL` decimal(11,2) DEFAULT NULL,
  `ESTADO` int(11) DEFAULT NULL,
  `ESTADO_REGISTRO` int(11) DEFAULT NULL,
  `ID_FOLIO` bigint(20) NOT NULL,
  `ID_PVESPECIES` bigint(20) NOT NULL,
  `ID_ESTANDAR` bigint(20) NOT NULL,
  `ID_PRODUCTOR` bigint(20) NOT NULL,
  `ID_PROCESO` bigint(20) NOT NULL
) ENGINE=InnoDB DEFAULT CHARSET=utf8;

--
-- Volcado de datos para la tabla `dpindustrial`
--

INSERT INTO `dpindustrial` (`ID_DPINDUSTRIAL`, `FOLIO_DPINDUSTRIAL`, `FOLIO_AUX_DPINDUSTRIAL`, `FECHA_EMBALADO_DPINDUSTRIAL`, `NUMERO_LINEA`, `KILOS_NETO_DPINDUSTRIAL`, `ESTADO`, `ESTADO_REGISTRO`, `ID_FOLIO`, `ID_PVESPECIES`, `ID_ESTANDAR`, `ID_PRODUCTOR`, `ID_PROCESO`) VALUES
(1, 11310001, 1, '2021-04-05', 1, '9.67', 0, 1, 3, 1, 1, 1, 1),
(5, 11310003, 3, '2021-04-05', 1, '100.00', 0, 1, 3, 1, 1, 1, 2),
(6, 11310004, 4, '2021-04-05', 2, '100.00', 0, 1, 3, 1, 2, 1, 2),
(7, 11310005, 5, '2021-04-05', 3, '58.30', 0, 1, 3, 1, 3, 1, 2);

-- --------------------------------------------------------

--
-- Estructura de tabla para la tabla `drecepcion`
--

CREATE TABLE `drecepcion` (
  `ID_DRECEPCION` bigint(20) NOT NULL,
  `FOLIO_DRECEPCION` int(11) DEFAULT NULL,
  `FOLIO_AUX_DRECEPCION` int(11) DEFAULT NULL,
  `NUMERO_LINEA` int(11) DEFAULT NULL,
  `ALIAS_FOLIO_DRECEPCION` varchar(150) DEFAULT NULL,
  `GASIFICADO_DRECEPCION` int(1) DEFAULT NULL,
  `FECHA_COSECHA_DRECEPCION` date DEFAULT NULL,
  `CANTIDAD_ENVASE_DRECEPCION` int(11) DEFAULT NULL,
  `KILOS_BRUTO_DRECEPCION` decimal(11,2) DEFAULT NULL,
  `KILOS_NETO_DRECEPCION` decimal(11,2) DEFAULT NULL,
  `KILOS_PROMEDIO_DRECEPCION` decimal(11,3) DEFAULT NULL,
  `PESO_PALLET_DRECEPCION` decimal(11,2) DEFAULT NULL,
  `NOTA_DRECEPCION` varchar(300) DEFAULT NULL,
  `ESTADO` int(11) DEFAULT NULL,
  `ESTADO_REGISTRO` int(11) DEFAULT NULL,
  `ID_PVESPECIES` bigint(20) NOT NULL,
  `ID_ESTANDAR` bigint(20) NOT NULL,
  `ID_RECEPCION` bigint(20) NOT NULL,
  `ID_FOLIO` bigint(20) NOT NULL
) ENGINE=InnoDB DEFAULT CHARSET=utf8;

--
-- Volcado de datos para la tabla `drecepcion`
--

INSERT INTO `drecepcion` (`ID_DRECEPCION`, `FOLIO_DRECEPCION`, `FOLIO_AUX_DRECEPCION`, `NUMERO_LINEA`, `ALIAS_FOLIO_DRECEPCION`, `GASIFICADO_DRECEPCION`, `FECHA_COSECHA_DRECEPCION`, `CANTIDAD_ENVASE_DRECEPCION`, `KILOS_BRUTO_DRECEPCION`, `KILOS_NETO_DRECEPCION`, `KILOS_PROMEDIO_DRECEPCION`, `PESO_PALLET_DRECEPCION`, `NOTA_DRECEPCION`, `ESTADO`, `ESTADO_REGISTRO`, `ID_PVESPECIES`, `ID_ESTANDAR`, `ID_RECEPCION`, `ID_FOLIO`) VALUES
(1, 11110001, 1, 1, '11110000_EMPRESA:Volcan Foods Ltda._PLANTA:Planta El Alamo_TIPO_FOLIO:MATERIA PRIMA_TEMPORADA:2020-2021_NUMEROLINEA:1_RECEPCION:1', 0, '2021-04-05', 240, '336.60', '240.00', '1.000', '21.00', '', 1, 1, 1, 1, 1, 1),
(2, 11110002, 2, 2, '11110000_EMPRESA:Volcan Foods Ltda._PLANTA:Planta El Alamo_TIPO_FOLIO:MATERIA PRIMA_TEMPORADA:2020-2021_NUMEROLINEA:2_RECEPCION:1', 0, '2021-04-05', 240, '336.60', '240.00', '1.000', '21.00', '', 1, 1, 1, 1, 1, 1),
(3, 11110003, 3, 3, '11110000_EMPRESA:Volcan Foods Ltda._PLANTA:Planta El Alamo_TIPO_FOLIO:MATERIA PRIMA_TEMPORADA:2020-2021_NUMEROLINEA:3_RECEPCION:1', 0, '2021-04-05', 240, '336.60', '240.00', '1.000', '21.00', '', 1, 1, 1, 1, 1, 1),
(4, 11110004, 4, 1, '11110000_EMPRESA:Volcan Foods Ltda._PLANTA:Planta El Alamo_TIPO_FOLIO:MATERIA PRIMA_TEMPORADA:2020-2021_NUMEROLINEA:1_RECEPCION:2', 0, '2021-04-05', 240, '336.60', '240.00', '1.000', '21.00', '', 1, 1, 1, 1, 2, 1),
(5, 11110005, 5, 1, '11110000_EMPRESA:Volcan Foods Ltda._PLANTA:Planta El Alamo_TIPO_FOLIO:MATERIA PRIMA_TEMPORADA:2020-2021_NUMEROLINEA:1_RECEPCION:3', 0, '2021-04-05', 240, '336.60', '240.00', '1.000', '21.00', '', 1, 1, 1, 1, 3, 1),
(6, 11110006, 6, 2, '11110000_EMPRESA:Volcan Foods Ltda._PLANTA:Planta El Alamo_TIPO_FOLIO:MATERIA PRIMA_TEMPORADA:2020-2021_NUMEROLINEA:2_RECEPCION:3', 0, '2021-04-05', 240, '336.60', '240.00', '1.000', '21.00', '', 1, 1, 1, 1, 3, 1),
(7, 11110007, 7, 3, '11110000_EMPRESA:Volcan Foods Ltda._PLANTA:Planta El Alamo_TIPO_FOLIO:MATERIA PRIMA_TEMPORADA:2020-2021_NUMEROLINEA:3_RECEPCION:3', 0, '2021-04-05', 240, '336.60', '240.00', '1.000', '21.00', '', 1, 1, 1, 1, 3, 1),
(8, 11110008, 8, 4, '11110000_EMPRESA:Volcan Foods Ltda._PLANTA:Planta El Alamo_TIPO_FOLIO:MATERIA PRIMA_TEMPORADA:2020-2021_NUMEROLINEA:4_RECEPCION:3', 0, '2021-04-05', 240, '336.60', '240.00', '1.000', '21.00', '', 1, 1, 1, 1, 3, 1),
(9, 11110009, 9, 5, '11110000_EMPRESA:Volcan Foods Ltda._PLANTA:Planta El Alamo_TIPO_FOLIO:MATERIA PRIMA_TEMPORADA:2020-2021_NUMEROLINEA:5_RECEPCION:3', 0, '2021-04-05', 240, '336.60', '240.00', '1.000', '21.00', '', 1, 1, 1, 1, 3, 1),
(10, 11110010, 10, 6, '11110000_EMPRESA:Volcan Foods Ltda._PLANTA:Planta El Alamo_TIPO_FOLIO:MATERIA PRIMA_TEMPORADA:2020-2021_NUMEROLINEA:6_RECEPCION:3', 0, '2021-04-05', 240, '336.60', '240.00', '1.000', '21.00', '', 1, 1, 1, 1, 3, 1),
(11, 11110011, 11, 7, '11110000_EMPRESA:Volcan Foods Ltda._PLANTA:Planta El Alamo_TIPO_FOLIO:MATERIA PRIMA_TEMPORADA:2020-2021_NUMEROLINEA:7_RECEPCION:3', 0, '2021-04-05', 240, '336.60', '240.00', '1.000', '21.00', '', 1, 1, 1, 1, 3, 1),
(12, 11110012, 12, 8, '11110000_EMPRESA:Volcan Foods Ltda._PLANTA:Planta El Alamo_TIPO_FOLIO:MATERIA PRIMA_TEMPORADA:2020-2021_NUMEROLINEA:8_RECEPCION:3', 0, '2021-04-05', 240, '336.60', '240.00', '1.000', '21.00', '', 1, 1, 1, 1, 3, 1),
(13, 11110013, 13, 9, '11110000_EMPRESA:Volcan Foods Ltda._PLANTA:Planta El Alamo_TIPO_FOLIO:MATERIA PRIMA_TEMPORADA:2020-2021_NUMEROLINEA:9_RECEPCION:3', 0, '2021-04-05', 240, '336.60', '240.00', '1.000', '21.00', '', 1, 1, 1, 1, 3, 1),
(14, 11110014, 14, 10, '11110000_EMPRESA:Volcan Foods Ltda._PLANTA:Planta El Alamo_TIPO_FOLIO:MATERIA PRIMA_TEMPORADA:2020-2021_NUMEROLINEA:10_RECEPCION:3', 0, '2021-04-05', 240, '336.60', '240.00', '1.000', '21.00', '', 1, 1, 1, 1, 3, 1),
(15, 11110015, 15, 1, '11110000_EMPRESA:Volcan Foods Ltda._PLANTA:Planta El Alamo_TIPO_FOLIO:MATERIA PRIMA_TEMPORADA:2020-2021_NUMEROLINEA:1_RECEPCION:4', 0, '2021-04-09', 240, '336.60', '240.00', '1.000', '21.00', '', 1, 1, 1, 1, 4, 1);

-- --------------------------------------------------------

--
-- Estructura de tabla para la tabla `drepaletizajeex`
--

CREATE TABLE `drepaletizajeex` (
  `ID_DREPALETIZAJE` bigint(20) NOT NULL,
  `FOLIO_NUEVO_DREPALETIZAJE` bigint(20) DEFAULT NULL,
  `CANTIDAD_ENVASE_DREPALETIZAJE` int(11) DEFAULT NULL,
  `KILOS_NETO_DREPALETIZAJE` decimal(11,2) DEFAULT NULL,
  `FECHA_EMBALADO_DREPALETIZAJE` date DEFAULT NULL,
  `EMBOLSADO` int(11) DEFAULT NULL,
  `FECHA_INGRESO` datetime DEFAULT NULL,
  `FECHA_MODIFICACION` datetime DEFAULT NULL,
  `ESTADO` int(11) DEFAULT NULL,
  `ESTADO_REGISTRO` int(11) DEFAULT NULL,
  `ID_PRODUCTOR` bigint(20) NOT NULL,
  `ID_PVESPECIES` bigint(20) NOT NULL,
  `ID_FOLIO` bigint(20) NOT NULL,
  `ID_ESTANDAR` bigint(20) NOT NULL,
  `ID_EXIEXPORTACION` bigint(20) DEFAULT NULL,
  `ID_REPALETIZAJE` bigint(20) NOT NULL
) ENGINE=InnoDB DEFAULT CHARSET=utf8;

-- --------------------------------------------------------

--
-- Estructura de tabla para la tabla `drepaletizajemp`
--

CREATE TABLE `drepaletizajemp` (
  `ID_DREPALETIZAJE` bigint(20) NOT NULL,
  `FOLIO_NUEVO_DREPALETIZAJE` varchar(100) DEFAULT NULL,
  `CANTIDAD_ENVASE_DREPALETIZAJE` int(11) DEFAULT NULL,
  `KILOS_NETO_DREPALETIZAJE` decimal(11,2) DEFAULT NULL,
  `KILOS_PROMEDIO_DREPALETIZAJE` decimal(11,3) DEFAULT NULL,
  `PESO_PALLET_DREPALETIZAJE` decimal(11,2) DEFAULT NULL,
  `FECHA_INGRESO` datetime DEFAULT NULL,
  `FECHA_MODIFICACION` datetime DEFAULT NULL,
  `ESTADO` int(11) DEFAULT NULL,
  `ESTADO_REGISTRO` int(11) DEFAULT NULL,
  `ID_PRODUCTOR` bigint(20) NOT NULL,
  `ID_PVESPECIES` bigint(20) NOT NULL,
  `ID_FOLIO` bigint(20) NOT NULL,
  `ID_ESTANDAR` bigint(20) NOT NULL,
  `ID_EXIMATERIAPRIMA` bigint(20) DEFAULT NULL,
  `ID_REPALETIZAJE` bigint(20) NOT NULL
) ENGINE=InnoDB DEFAULT CHARSET=utf8;

-- --------------------------------------------------------

--
-- Estructura de tabla para la tabla `drexportacion`
--

CREATE TABLE `drexportacion` (
  `ID_DREXPORTACION` bigint(20) NOT NULL,
  `FOLIO_DREXPORTACION` int(11) DEFAULT NULL,
  `FOLIO_AUX_DREXPORTACION` int(11) DEFAULT NULL,
  `NUMERO_LINEA` int(11) DEFAULT NULL,
  `FECHA_EMBALADO_DREXPORTACION` date DEFAULT NULL,
  `CANTIDAD_ENVASE_DREXPORTACION` int(11) DEFAULT NULL,
  `KILOS_NETO_DREXPORTACION` decimal(11,2) DEFAULT NULL,
  `PDESHIDRATACION_DREXPORTACION` decimal(11,2) DEFAULT NULL,
  `KILOS_DESHIDRATACION_DREXPORTACION` decimal(11,2) DEFAULT NULL,
  `KILOS_BRUTO_DREXPORTACION` decimal(11,2) DEFAULT NULL,
  `EMBOLSADO` int(11) DEFAULT NULL,
  `ESTADO` int(11) DEFAULT NULL,
  `ESTADO_REGISTRO` int(11) DEFAULT NULL,
  `ID_FOLIO` bigint(20) NOT NULL,
  `ID_ESTANDAR` bigint(20) NOT NULL,
  `ID_CALIBRE` bigint(20) NOT NULL,
  `ID_PVESPECIES` bigint(20) NOT NULL,
  `ID_PRODUCTOR` bigint(20) NOT NULL,
  `ID_REEMBALAJE` bigint(20) NOT NULL
) ENGINE=InnoDB DEFAULT CHARSET=utf8;

--
-- Volcado de datos para la tabla `drexportacion`
--

INSERT INTO `drexportacion` (`ID_DREXPORTACION`, `FOLIO_DREXPORTACION`, `FOLIO_AUX_DREXPORTACION`, `NUMERO_LINEA`, `FECHA_EMBALADO_DREXPORTACION`, `CANTIDAD_ENVASE_DREXPORTACION`, `KILOS_NETO_DREXPORTACION`, `PDESHIDRATACION_DREXPORTACION`, `KILOS_DESHIDRATACION_DREXPORTACION`, `KILOS_BRUTO_DREXPORTACION`, `EMBOLSADO`, `ESTADO`, `ESTADO_REGISTRO`, `ID_FOLIO`, `ID_ESTANDAR`, `ID_CALIBRE`, `ID_PVESPECIES`, `ID_PRODUCTOR`, `ID_REEMBALAJE`) VALUES
(1, 11210003, 11210003, 1, '2021-04-05', 225, '337.50', '5.00', '354.38', '508.38', 0, 0, 1, 2, 2, 1, 1, 1, 1),
(2, 11210006, 11210006, 1, '2021-04-08', 390, '585.00', '1.00', '590.85', '842.85', 1, 0, 1, 2, 1, 1, 1, 1, 2),
(3, 11210007, 11210007, 2, '2021-04-08', 240, '360.00', '5.00', '378.00', '541.00', 0, 0, 1, 2, 2, 1, 1, 1, 2);

-- --------------------------------------------------------

--
-- Estructura de tabla para la tabla `drindustrial`
--

CREATE TABLE `drindustrial` (
  `ID_DRINDUSTRIAL` bigint(20) NOT NULL,
  `FOLIO_DRINDUSTRIAL` int(11) DEFAULT NULL,
  `FOLIO_AUX_DRINDUSTRIAL` int(11) DEFAULT NULL,
  `FECHA_EMBALADO_DRINDUSTRIAL` date DEFAULT NULL,
  `NUMERO_LINEA` int(11) DEFAULT NULL,
  `KILOS_NETO_DRINDUSTRIAL` decimal(11,2) DEFAULT NULL,
  `ESTADO` int(11) DEFAULT NULL,
  `ESTADO_REGISTRO` int(11) DEFAULT NULL,
  `ID_FOLIO` bigint(20) NOT NULL,
  `ID_PVESPECIES` bigint(20) NOT NULL,
  `ID_ESTANDAR` bigint(20) NOT NULL,
  `ID_PRODUCTOR` bigint(20) NOT NULL,
  `ID_REEMBALAJE` bigint(20) NOT NULL
) ENGINE=InnoDB DEFAULT CHARSET=utf8;

--
-- Volcado de datos para la tabla `drindustrial`
--

INSERT INTO `drindustrial` (`ID_DRINDUSTRIAL`, `FOLIO_DRINDUSTRIAL`, `FOLIO_AUX_DRINDUSTRIAL`, `FECHA_EMBALADO_DRINDUSTRIAL`, `NUMERO_LINEA`, `KILOS_NETO_DRINDUSTRIAL`, `ESTADO`, `ESTADO_REGISTRO`, `ID_FOLIO`, `ID_PVESPECIES`, `ID_ESTANDAR`, `ID_PRODUCTOR`, `ID_REEMBALAJE`) VALUES
(1, 11310002, 2, '2021-04-05', 1, '5.62', 0, 1, 3, 1, 1, 1, 1);

-- --------------------------------------------------------

--
-- Estructura de tabla para la tabla `ecomercial`
--

CREATE TABLE `ecomercial` (
  `ID_ECOMERCIAL` bigint(20) NOT NULL,
  `NOMBRE_ECOMERCIAL` varchar(300) DEFAULT NULL,
  `DESCRIPCION_ECOMERCIAL` varchar(300) DEFAULT NULL,
  `PESO_NETO_ECOMERCIAL` decimal(10,2) DEFAULT NULL,
  `PESO_BRUTO_ECOMERCIAL` decimal(10,2) DEFAULT NULL,
  `ESTADO_REGISTRO` int(11) DEFAULT NULL
) ENGINE=InnoDB DEFAULT CHARSET=utf8;

--
-- Volcado de datos para la tabla `ecomercial`
--

INSERT INTO `ecomercial` (`ID_ECOMERCIAL`, `NOMBRE_ECOMERCIAL`, `DESCRIPCION_ECOMERCIAL`, `PESO_NETO_ECOMERCIAL`, `PESO_BRUTO_ECOMERCIAL`, `ESTADO_REGISTRO`) VALUES
(1, 'Fresh Blueberries Bulk 3,6kg', '', '0.00', '0.00', 1);

-- --------------------------------------------------------

--
-- Estructura de tabla para la tabla `eexportacion`
--

CREATE TABLE `eexportacion` (
  `ID_ESTANDAR` bigint(20) NOT NULL,
  `NOMBRE_ESTANDAR` varchar(300) DEFAULT NULL,
  `CANTIDAD_ENVASE_ESTANDAR` int(11) DEFAULT NULL,
  `PESO_NETO_ESTANDAR` decimal(10,2) DEFAULT NULL,
  `PDESHIDRATACION_ESTANDAR` decimal(10,2) DEFAULT NULL,
  `PESO_BRUTO_ESTANDAR` decimal(10,2) DEFAULT NULL,
  `PESO_ENVASE_ESTANDAR` decimal(10,2) DEFAULT NULL,
  `PESO_PALLET_ESTANDAR` decimal(10,2) DEFAULT NULL,
  `TFRUTA_ESTANDAR` int(11) DEFAULT NULL,
  `EMBOLSADO` int(11) DEFAULT NULL,
  `ESTADO_REGISTRO` int(11) DEFAULT NULL,
  `ID_ESPECIES` bigint(20) NOT NULL,
  `ID_ETIQUETA` bigint(20) NOT NULL,
  `ID_EMBALAJE` bigint(20) NOT NULL,
  `ID_ECOMERCIAL` bigint(20) NOT NULL,
  `ID_MERCADO` bigint(20) NOT NULL
) ENGINE=InnoDB DEFAULT CHARSET=utf8;

--
-- Volcado de datos para la tabla `eexportacion`
--

INSERT INTO `eexportacion` (`ID_ESTANDAR`, `NOMBRE_ESTANDAR`, `CANTIDAD_ENVASE_ESTANDAR`, `PESO_NETO_ESTANDAR`, `PDESHIDRATACION_ESTANDAR`, `PESO_BRUTO_ESTANDAR`, `PESO_ENVASE_ESTANDAR`, `PESO_PALLET_ESTANDAR`, `TFRUTA_ESTANDAR`, `EMBOLSADO`, `ESTADO_REGISTRO`, `ID_ESPECIES`, `ID_ETIQUETA`, `ID_EMBALAJE`, `ID_ECOMERCIAL`, `ID_MERCADO`) VALUES
(1, 'Blueberries 12 x 4.4 oz 390', 390, '1.50', '1.00', '2.10', '0.60', '18.00', 2, 1, 1, 1, 1, 1, 1, 1),
(2, 'Blueberries 12 x 4.4 oz 240', 240, '1.50', '5.00', '2.10', '0.60', '19.00', 2, 0, 1, 1, 1, 1, 1, 1);

-- --------------------------------------------------------

--
-- Estructura de tabla para la tabla `eindustrial`
--

CREATE TABLE `eindustrial` (
  `ID_ESTANDAR` bigint(20) NOT NULL,
  `NOMBRE_ESTANDAR` varchar(300) DEFAULT NULL,
  `PESO_NETO_ESTANDAR` decimal(10,2) DEFAULT NULL,
  `TFRUTA_ESTANDAR` int(11) DEFAULT NULL,
  `ESTADO_REGISTRO` int(11) DEFAULT NULL,
  `ID_ESPECIES` bigint(20) NOT NULL,
  `ID_TAINDUSTRIAL` bigint(20) NOT NULL
) ENGINE=InnoDB DEFAULT CHARSET=utf8;

--
-- Volcado de datos para la tabla `eindustrial`
--

INSERT INTO `eindustrial` (`ID_ESTANDAR`, `NOMBRE_ESTANDAR`, `PESO_NETO_ESTANDAR`, `TFRUTA_ESTANDAR`, `ESTADO_REGISTRO`, `ID_ESPECIES`, `ID_TAINDUSTRIAL`) VALUES
(1, 'IQF Proceso', '1.00', 3, 1, 1, 3),
(2, 'Merma Proceso', '1.00', 3, 1, 1, 1),
(3, 'Desecho Proceso', '1.00', 3, 1, 1, 2);

-- --------------------------------------------------------

--
-- Estructura de tabla para la tabla `embalaje`
--

CREATE TABLE `embalaje` (
  `ID_EMBALAJE` bigint(20) NOT NULL,
  `NOMBRE_EMBALAJE` varchar(300) DEFAULT NULL,
  `PESO_EMBALAJE` decimal(11,2) DEFAULT NULL,
  `ESTADO_REGISTRO` int(11) DEFAULT NULL
) ENGINE=InnoDB DEFAULT CHARSET=utf8;

--
-- Volcado de datos para la tabla `embalaje`
--

INSERT INTO `embalaje` (`ID_EMBALAJE`, `NOMBRE_EMBALAJE`, `PESO_EMBALAJE`, `ESTADO_REGISTRO`) VALUES
(1, '4.4 oz', '1.50', 1),
(2, 'Pint', '3.74', 1),
(3, 'Bulk', '3.60', 1);

-- --------------------------------------------------------

--
-- Estructura de tabla para la tabla `empresa`
--

CREATE TABLE `empresa` (
  `ID_EMPRESA` bigint(20) NOT NULL,
  `RUT_EMPRESA` varchar(45) DEFAULT NULL,
  `NOMBRE_EMPRESA` varchar(255) DEFAULT NULL,
  `RAZON_SOCIAL_EMPRESA` varchar(255) DEFAULT NULL,
  `DIRECCION_EMPRESA` varchar(255) DEFAULT NULL,
  `GIRO_EMPRESA` varchar(255) DEFAULT NULL,
  `TELEFONO_EMPRESA` varchar(255) DEFAULT NULL,
  `ENCARGADO_COMPRA_EMPRESA` varchar(255) DEFAULT NULL,
  `LOGO_EMPRESA` varchar(255) DEFAULT NULL,
  `ESTADO_REGISTRO` int(11) DEFAULT NULL,
  `CIUDAD` bigint(20) NOT NULL
) ENGINE=InnoDB DEFAULT CHARSET=utf8;

--
-- Volcado de datos para la tabla `empresa`
--

INSERT INTO `empresa` (`ID_EMPRESA`, `RUT_EMPRESA`, `NOMBRE_EMPRESA`, `RAZON_SOCIAL_EMPRESA`, `DIRECCION_EMPRESA`, `GIRO_EMPRESA`, `TELEFONO_EMPRESA`, `ENCARGADO_COMPRA_EMPRESA`, `LOGO_EMPRESA`, `ESTADO_REGISTRO`, `CIUDAD`) VALUES
(1, '112233445-6', 'Volcan Foods Ltda.', 'Volcan Foods Ltda.', 'Camino a Antuco Km 13', 'Exportadora ', '1', '-', 'img/empresa/112233445-6.png', 1, 1),
(2, '1', 'PREUBAS', '1', '1', '1', '1', '1', '', 1, 1);

-- --------------------------------------------------------

--
-- Estructura de tabla para la tabla `erecepcion`
--

CREATE TABLE `erecepcion` (
  `ID_ESTANDAR` bigint(20) NOT NULL,
  `NOMBRE_ESTANDAR` varchar(300) DEFAULT NULL,
  `CANTIDAD_ENVASE_ESTANDAR` int(11) DEFAULT NULL,
  `PESO_ENVASE_ESTANDAR` decimal(10,3) DEFAULT NULL,
  `PESO_PALLET_ESTANDAR` decimal(10,2) DEFAULT NULL,
  `TFRUTA_ESTANDAR` int(11) DEFAULT NULL,
  `ESTADO_REGISTRO` int(11) DEFAULT NULL,
  `ID_ESPECIES` bigint(20) NOT NULL
) ENGINE=InnoDB DEFAULT CHARSET=utf8;

--
-- Volcado de datos para la tabla `erecepcion`
--

INSERT INTO `erecepcion` (`ID_ESTANDAR`, `NOMBRE_ESTANDAR`, `CANTIDAD_ENVASE_ESTANDAR`, `PESO_ENVASE_ESTANDAR`, `PESO_PALLET_ESTANDAR`, `TFRUTA_ESTANDAR`, `ESTADO_REGISTRO`, `ID_ESPECIES`) VALUES
(1, 'Rejilla Cosecheras Verdes 45x34', 240, '0.315', '21.00', 1, 1, 1);

-- --------------------------------------------------------

--
-- Estructura de tabla para la tabla `especies`
--

CREATE TABLE `especies` (
  `ID_ESPECIES` bigint(20) NOT NULL,
  `NOMBRE_ESPECIES` varchar(300) DEFAULT NULL,
  `CODIGO_SAG_ESPECIES` varchar(300) DEFAULT NULL,
  `ESTADO_REGISTRO` int(11) DEFAULT NULL
) ENGINE=InnoDB DEFAULT CHARSET=utf8;

--
-- Volcado de datos para la tabla `especies`
--

INSERT INTO `especies` (`ID_ESPECIES`, `NOMBRE_ESPECIES`, `CODIGO_SAG_ESPECIES`, `ESTADO_REGISTRO`) VALUES
(1, 'Arandanos', '10314200', 1);

-- --------------------------------------------------------

--
-- Estructura de tabla para la tabla `etiqueta`
--

CREATE TABLE `etiqueta` (
  `ID_ETIQUETA` bigint(20) NOT NULL,
  `NOMBRE_ETIQUETA` varchar(300) DEFAULT NULL,
  `ESTADO_REGISTRO` int(11) DEFAULT NULL
) ENGINE=InnoDB DEFAULT CHARSET=utf8;

--
-- Volcado de datos para la tabla `etiqueta`
--

INSERT INTO `etiqueta` (`ID_ETIQUETA`, `NOMBRE_ETIQUETA`, `ESTADO_REGISTRO`) VALUES
(1, 'VOLCAN FOODS', 1);

-- --------------------------------------------------------

--
-- Estructura de tabla para la tabla `exiexportacion`
--

CREATE TABLE `exiexportacion` (
  `ID_EXIEXPORTACION` bigint(20) NOT NULL,
  `FOLIO_EXIEXPORTACION` int(11) DEFAULT NULL,
  `NUMERO_LINEA` int(11) DEFAULT NULL,
  `FOLIO_AUXILIAR_EXIEXPORTACION` int(11) DEFAULT NULL,
  `FECHA_EMBALADO_EXIEXPORTACION` date DEFAULT NULL,
  `FECHA_INGRESO_EXIEXPORTACION` date DEFAULT NULL,
  `FECHA_MODIFICACION_EXIEXPORTACION` date DEFAULT NULL,
  `CANTIDAD_ENVASE_INGRESADO_EXIEXPORTACION` int(11) DEFAULT NULL,
  `KILOS_NETO_EXIEXPORTACION` decimal(11,2) DEFAULT NULL,
  `PDESHIDRATACION_EXIEXPORTACION` decimal(11,2) DEFAULT NULL,
  `KILOS_DESHIRATACION_EXIEXPORTACION` decimal(11,2) DEFAULT NULL,
  `KILOS_BRUTO_EXIEXPORTACION` decimal(11,2) DEFAULT NULL,
  `OBSERVACION_EXIESPORTACION` varchar(300) DEFAULT NULL,
  `EMBOLSADO` int(11) DEFAULT NULL,
  `ESTADO` int(11) DEFAULT NULL,
  `ESTADO_REGISTRO` int(11) DEFAULT NULL,
  `ID_ESTANDAR` bigint(20) NOT NULL,
  `ID_PRODUCTOR` bigint(20) NOT NULL,
  `ID_PVESPECIES` bigint(20) NOT NULL,
  `ID_FOLIO` bigint(20) NOT NULL,
  `ID_PROCESO` bigint(20) DEFAULT NULL,
  `ID_REPALETIZAJE` bigint(20) DEFAULT NULL,
  `ID_REEMBALAJE` bigint(20) DEFAULT NULL,
  `ID_EMPRESA` bigint(20) NOT NULL,
  `ID_PLANTA` bigint(20) NOT NULL,
  `ID_TEMPORADA` bigint(20) NOT NULL
) ENGINE=InnoDB DEFAULT CHARSET=utf8;

--
-- Volcado de datos para la tabla `exiexportacion`
--

INSERT INTO `exiexportacion` (`ID_EXIEXPORTACION`, `FOLIO_EXIEXPORTACION`, `NUMERO_LINEA`, `FOLIO_AUXILIAR_EXIEXPORTACION`, `FECHA_EMBALADO_EXIEXPORTACION`, `FECHA_INGRESO_EXIEXPORTACION`, `FECHA_MODIFICACION_EXIEXPORTACION`, `CANTIDAD_ENVASE_INGRESADO_EXIEXPORTACION`, `KILOS_NETO_EXIEXPORTACION`, `PDESHIDRATACION_EXIEXPORTACION`, `KILOS_DESHIRATACION_EXIEXPORTACION`, `KILOS_BRUTO_EXIEXPORTACION`, `OBSERVACION_EXIESPORTACION`, `EMBOLSADO`, `ESTADO`, `ESTADO_REGISTRO`, `ID_ESTANDAR`, `ID_PRODUCTOR`, `ID_PVESPECIES`, `ID_FOLIO`, `ID_PROCESO`, `ID_REPALETIZAJE`, `ID_REEMBALAJE`, `ID_EMPRESA`, `ID_PLANTA`, `ID_TEMPORADA`) VALUES
(1, 11210001, 1, 11210001, '2021-04-05', '2021-04-05', '2021-04-05', 240, '360.00', '5.00', '378.00', '541.00', '-', 0, 9, 1, 2, 1, 1, 2, 1, NULL, 1, 1, 1, 1),
(2, 11210002, 2, 11210002, '2021-04-05', '2021-04-05', '2021-04-08', 211, '316.50', '5.00', '332.33', '477.93', '-', 0, 9, 1, 2, 1, 1, 2, 1, NULL, 2, 1, 1, 1),
(4, 11210003, 1, 11210003, '2021-04-05', '2021-04-05', '2021-04-05', 225, '337.50', '5.00', '354.38', '508.38', '-', 0, 2, 1, 2, 1, 1, 2, NULL, NULL, 1, 1, 1, 1),
(5, 11210004, 1, 11210004, '2021-04-05', '2021-04-05', '2021-04-08', 390, '585.00', '1.00', '590.85', '842.85', '-', 1, 9, 1, 1, 1, 1, 2, 2, NULL, 2, 1, 1, 1),
(6, 11210005, 2, 11210005, '2021-04-05', '2021-04-05', '2021-04-05', 390, '585.00', '1.00', '590.85', '842.85', '-', 1, 2, 1, 1, 1, 1, 2, 2, NULL, NULL, 1, 1, 1),
(7, 11210006, 1, 11210006, '2021-04-08', '2021-04-08', '2021-04-08', 390, '585.00', '1.00', '590.85', '842.85', '-', 1, 2, 1, 1, 1, 1, 2, NULL, NULL, 2, 1, 1, 1),
(8, 11210007, 2, 11210007, '2021-04-08', '2021-04-08', '2021-04-08', 240, '360.00', '5.00', '378.00', '541.00', '-', 0, 2, 1, 2, 1, 1, 2, NULL, NULL, 2, 1, 1, 1);

-- --------------------------------------------------------

--
-- Estructura de tabla para la tabla `exiindustrial`
--

CREATE TABLE `exiindustrial` (
  `ID_EXIINDUSTRIAL` bigint(20) NOT NULL,
  `FOLIO_EXIINDUSTRIAL` int(11) DEFAULT NULL,
  `NUMERO_LINEA` int(11) DEFAULT NULL,
  `FOLIO_AUXILIAR_EXIINDUSTRIAL` int(11) DEFAULT NULL,
  `FECHA_INGRESO_EXIINDUSTRIAL` date DEFAULT NULL,
  `FECHA_MODIFICACION_EXIINDUSTRIAL` date DEFAULT NULL,
  `KILOS_NETO_EXIINDUSTRIAL` decimal(11,2) DEFAULT NULL,
  `ESTADO` int(11) DEFAULT NULL,
  `ESTADO_REGISTRO` int(11) DEFAULT NULL,
  `ID_ESTANDAR` bigint(20) NOT NULL,
  `ID_PRODUCTOR` bigint(20) NOT NULL,
  `ID_PVESPECIES` bigint(20) NOT NULL,
  `ID_FOLIO` bigint(20) NOT NULL,
  `ID_PROCESO` bigint(20) DEFAULT NULL,
  `ID_REEMBALAJE` bigint(20) DEFAULT NULL,
  `ID_EMPRESA` bigint(20) NOT NULL,
  `ID_PLANTA` bigint(20) NOT NULL,
  `ID_TEMPORADA` bigint(20) NOT NULL
) ENGINE=InnoDB DEFAULT CHARSET=utf8;

--
-- Volcado de datos para la tabla `exiindustrial`
--

INSERT INTO `exiindustrial` (`ID_EXIINDUSTRIAL`, `FOLIO_EXIINDUSTRIAL`, `NUMERO_LINEA`, `FOLIO_AUXILIAR_EXIINDUSTRIAL`, `FECHA_INGRESO_EXIINDUSTRIAL`, `FECHA_MODIFICACION_EXIINDUSTRIAL`, `KILOS_NETO_EXIINDUSTRIAL`, `ESTADO`, `ESTADO_REGISTRO`, `ID_ESTANDAR`, `ID_PRODUCTOR`, `ID_PVESPECIES`, `ID_FOLIO`, `ID_PROCESO`, `ID_REEMBALAJE`, `ID_EMPRESA`, `ID_PLANTA`, `ID_TEMPORADA`) VALUES
(1, 11310001, 1, 11310001, '2021-04-05', '2021-04-05', '9.67', 2, 1, 1, 1, 1, 3, 1, NULL, 1, 1, 1),
(2, 11310002, 1, 11310002, '2021-04-05', '2021-04-05', '5.62', 2, 1, 1, 1, 1, 3, NULL, 1, 1, 1, 1),
(5, 11310003, 1, 11310003, '2021-04-05', '2021-04-05', '100.00', 2, 1, 1, 1, 1, 3, 2, NULL, 1, 1, 1),
(6, 11310004, 2, 11310004, '2021-04-05', '2021-04-05', '100.00', 2, 1, 2, 1, 1, 3, 2, NULL, 1, 1, 1),
(7, 11310005, 3, 11310005, '2021-04-05', '2021-04-05', '58.30', 2, 1, 3, 1, 1, 3, 2, NULL, 1, 1, 1);

-- --------------------------------------------------------

--
-- Estructura de tabla para la tabla `eximateriaprima`
--

CREATE TABLE `eximateriaprima` (
  `ID_EXIMATERIAPRIMA` bigint(20) NOT NULL,
  `FOLIO_EXIMATERIAPRIMA` int(11) DEFAULT NULL,
  `NUMERO_LINEA` int(11) DEFAULT NULL,
  `FOLIO_AUXILIAR_EXIMATERIAPRIMA` int(11) DEFAULT NULL,
  `FECHA_INGRESO_EXIMATERIAPRIMA` date DEFAULT NULL,
  `FECHA_MODIFICACION_EXIMATERIAPRIMA` date DEFAULT NULL,
  `CANTIDAD_ENVASE_EXIMATERIAPRIMA` int(11) DEFAULT NULL,
  `KILOS_NETO_EXIMATERIAPRIMA` decimal(11,2) DEFAULT NULL,
  `KILOS_PROMEDIO_EXIMATERIAPRIMA` decimal(11,3) DEFAULT NULL,
  `PESO_PALLET_EXIMATERIAPRIMA` decimal(11,2) DEFAULT NULL,
  `ESTADO` int(11) DEFAULT NULL,
  `ESTADO_REGISTRO` int(11) DEFAULT NULL,
  `ID_ESTANDAR` bigint(20) NOT NULL,
  `ID_PRODUCTOR` bigint(20) NOT NULL,
  `ID_PVESPECIES` bigint(20) NOT NULL,
  `ID_FOLIO` bigint(20) NOT NULL,
  `ID_RECEPCION` bigint(20) DEFAULT NULL,
  `ID_PROCESO` bigint(20) DEFAULT NULL,
  `DETALLE_PROCESO` varchar(300) DEFAULT NULL,
  `ID_REPALETIZAJE` bigint(20) DEFAULT NULL,
  `ID_EMPRESA` bigint(20) NOT NULL,
  `ID_PLANTA` bigint(20) NOT NULL,
  `ID_TEMPORADA` bigint(20) NOT NULL
) ENGINE=InnoDB DEFAULT CHARSET=utf8;

--
-- Volcado de datos para la tabla `eximateriaprima`
--

INSERT INTO `eximateriaprima` (`ID_EXIMATERIAPRIMA`, `FOLIO_EXIMATERIAPRIMA`, `NUMERO_LINEA`, `FOLIO_AUXILIAR_EXIMATERIAPRIMA`, `FECHA_INGRESO_EXIMATERIAPRIMA`, `FECHA_MODIFICACION_EXIMATERIAPRIMA`, `CANTIDAD_ENVASE_EXIMATERIAPRIMA`, `KILOS_NETO_EXIMATERIAPRIMA`, `KILOS_PROMEDIO_EXIMATERIAPRIMA`, `PESO_PALLET_EXIMATERIAPRIMA`, `ESTADO`, `ESTADO_REGISTRO`, `ID_ESTANDAR`, `ID_PRODUCTOR`, `ID_PVESPECIES`, `ID_FOLIO`, `ID_RECEPCION`, `ID_PROCESO`, `DETALLE_PROCESO`, `ID_REPALETIZAJE`, `ID_EMPRESA`, `ID_PLANTA`, `ID_TEMPORADA`) VALUES
(1, 11110001, 1, 11110001, '2021-04-05', '2021-04-05', 240, '240.00', '1.000', '21.00', 4, 1, 1, 1, 1, 1, 1, 1, '1', NULL, 1, 1, 1),
(2, 11110002, 2, 11110002, '2021-04-05', '2021-04-05', 240, '240.00', '1.000', '21.00', 4, 1, 1, 1, 1, 1, 1, 1, '1', NULL, 1, 1, 1),
(3, 11110003, 3, 11110003, '2021-04-05', '2021-04-05', 240, '240.00', '1.000', '21.00', 4, 1, 1, 1, 1, 1, 1, 1, '1', NULL, 1, 1, 1),
(4, 11110004, 1, 11110004, '2021-04-05', '2021-04-05', 240, '240.00', '1.000', '21.00', 2, 1, 1, 1, 1, 1, 2, NULL, NULL, NULL, 1, 1, 1),
(5, 11110005, 1, 11110005, '2021-04-05', '2021-04-05', 240, '240.00', '1.000', '21.00', 4, 1, 1, 1, 1, 1, 3, 2, '2', NULL, 1, 1, 1),
(6, 11110006, 2, 11110006, '2021-04-05', '2021-04-05', 240, '240.00', '1.000', '21.00', 4, 1, 1, 1, 1, 1, 3, 2, '2', NULL, 1, 1, 1),
(7, 11110007, 3, 11110007, '2021-04-05', '2021-04-05', 240, '240.00', '1.000', '21.00', 4, 1, 1, 1, 1, 1, 3, 2, '2', NULL, 1, 1, 1),
(8, 11110008, 4, 11110008, '2021-04-05', '2021-04-05', 240, '240.00', '1.000', '21.00', 4, 1, 1, 1, 1, 1, 3, 2, '2', NULL, 1, 1, 1),
(9, 11110009, 5, 11110009, '2021-04-05', '2021-04-05', 240, '240.00', '1.000', '21.00', 4, 1, 1, 1, 1, 1, 3, 2, '2', NULL, 1, 1, 1),
(10, 11110010, 6, 11110010, '2021-04-05', '2021-04-05', 240, '240.00', '1.000', '21.00', 4, 1, 1, 1, 1, 1, 3, 2, '2', NULL, 1, 1, 1),
(11, 11110011, 7, 11110011, '2021-04-05', '2021-04-05', 240, '240.00', '1.000', '21.00', 2, 1, 1, 1, 1, 1, 3, NULL, NULL, NULL, 1, 1, 1),
(12, 11110012, 8, 11110012, '2021-04-05', '2021-04-05', 240, '240.00', '1.000', '21.00', 2, 1, 1, 1, 1, 1, 3, NULL, NULL, NULL, 1, 1, 1),
(13, 11110013, 9, 11110013, '2021-04-05', '2021-04-05', 240, '240.00', '1.000', '21.00', 2, 1, 1, 1, 1, 1, 3, NULL, NULL, NULL, 1, 1, 1),
(14, 11110014, 10, 11110014, '2021-04-05', '2021-04-05', 240, '240.00', '1.000', '21.00', 2, 1, 1, 1, 1, 1, 3, NULL, NULL, NULL, 1, 1, 1),
(15, 11110015, 1, 11110015, '2021-04-09', '2021-04-09', 240, '240.00', '1.000', '21.00', 1, 1, 1, 1, 1, 1, 4, NULL, NULL, NULL, 1, 1, 1);

-- --------------------------------------------------------

--
-- Estructura de tabla para la tabla `exportadora`
--

CREATE TABLE `exportadora` (
  `ID_EXPORTADORA` bigint(20) NOT NULL,
  `RUT_EXPORTADORA` varchar(20) DEFAULT NULL,
  `NOMBRE_EXPORTADORA` varchar(300) DEFAULT NULL,
  `RAZON_SOCIAL_EXPORTADORA` varchar(300) DEFAULT NULL,
  `GIRO_EXPORTADORA` varchar(300) DEFAULT NULL,
  `DIRECCION_EXPORTADORA` varchar(300) DEFAULT NULL,
  `CONTACTO1_EXPORTADORA` varchar(300) DEFAULT NULL,
  `EMAIL1_EXPORTADORA` varchar(300) DEFAULT NULL,
  `TELEFONO1_EXPORTADORA` int(11) DEFAULT NULL,
  `CONTACTO2_EXPORTADORA` varchar(300) DEFAULT NULL,
  `EMAIL2_EXPORTADORA` varchar(300) DEFAULT NULL,
  `TELEFONO2_EXPORTADORA` int(11) DEFAULT NULL,
  `LOGO_EXPORTADORA` varchar(300) DEFAULT NULL,
  `ESTADO_REGISTRO` int(11) DEFAULT NULL,
  `CIUDAD` bigint(20) NOT NULL
) ENGINE=InnoDB DEFAULT CHARSET=utf8;

--
-- Volcado de datos para la tabla `exportadora`
--

INSERT INTO `exportadora` (`ID_EXPORTADORA`, `RUT_EXPORTADORA`, `NOMBRE_EXPORTADORA`, `RAZON_SOCIAL_EXPORTADORA`, `GIRO_EXPORTADORA`, `DIRECCION_EXPORTADORA`, `CONTACTO1_EXPORTADORA`, `EMAIL1_EXPORTADORA`, `TELEFONO1_EXPORTADORA`, `CONTACTO2_EXPORTADORA`, `EMAIL2_EXPORTADORA`, `TELEFONO2_EXPORTADORA`, `LOGO_EXPORTADORA`, `ESTADO_REGISTRO`, `CIUDAD`) VALUES
(1, '11', 'PP', 'PP', 'PP', 'PP', 'PP', 'POP@PP.CL', 1, 'pp', 'pp@pp.cl', 11, '', 1, 1);

-- --------------------------------------------------------

--
-- Estructura de tabla para la tabla `folio`
--

CREATE TABLE `folio` (
  `ID_FOLIO` bigint(20) NOT NULL,
  `NUMERO_FOLIO` int(10) DEFAULT NULL,
  `ALIAS_FOLIO` varchar(200) DEFAULT NULL,
  `ESTADO_REGISTRO` int(11) DEFAULT NULL,
  `ID_TFOLIO` bigint(20) NOT NULL,
  `ID_EMPRESA` bigint(20) NOT NULL,
  `ID_PLANTA` bigint(20) NOT NULL,
  `ID_AFOLIO` bigint(20) NOT NULL,
  `ID_TEMPORADA` bigint(20) NOT NULL
) ENGINE=InnoDB DEFAULT CHARSET=utf8;

--
-- Volcado de datos para la tabla `folio`
--

INSERT INTO `folio` (`ID_FOLIO`, `NUMERO_FOLIO`, `ALIAS_FOLIO`, `ESTADO_REGISTRO`, `ID_TFOLIO`, `ID_EMPRESA`, `ID_PLANTA`, `ID_AFOLIO`, `ID_TEMPORADA`) VALUES
(1, 11110000, '11110000_EMPRESA:Volcan Foods Ltda._PLANTA:Planta El Alamo_TIPO_FOLIO:MATERIA PRIMA_TEMPORADA:2020-2021_NUMEROLINEA:', 1, 1, 1, 1, 1, 1),
(2, 11210000, '11210000_EMPRESA:Volcan Foods Ltda._PLANTA:Planta El Alamo_TIPO_FOLIO:EXPORTACION_TEMPORADA:2020-2021_NUMEROLINEA:', 1, 2, 1, 1, 1, 1),
(3, 11310000, '11310000_EMPRESA:Volcan Foods Ltda._PLANTA:Planta El Alamo_TIPO_FOLIO:INDUSTRIAL_TEMPORADA:2020-2021_NUMEROLINEA:', 1, 3, 1, 1, 1, 1);

-- --------------------------------------------------------

--
-- Estructura de tabla para la tabla `fpago`
--

CREATE TABLE `fpago` (
  `ID_FPAGO` bigint(20) NOT NULL,
  `NOMBRE_FPAGO` varchar(300) DEFAULT NULL,
  `FECHA_PAGO_FPAGO` date DEFAULT NULL,
  `ESTADO_REGISTRO` int(11) DEFAULT NULL
) ENGINE=InnoDB DEFAULT CHARSET=utf8;

--
-- Volcado de datos para la tabla `fpago`
--

INSERT INTO `fpago` (`ID_FPAGO`, `NOMBRE_FPAGO`, `FECHA_PAGO_FPAGO`, `ESTADO_REGISTRO`) VALUES
(1, 'prueba', '2021-04-12', 1);

-- --------------------------------------------------------

--
-- Estructura de tabla para la tabla `hcusuario`
--

CREATE TABLE `hcusuario` (
  `ID_HCUSUARIO` bigint(20) NOT NULL,
  `CONTRASENA_HCUSUARIO` varchar(100) DEFAULT NULL,
  `ESTADO_REGISTRO` int(11) DEFAULT NULL,
  `NOMBRE_USUARIO` varchar(100) NOT NULL
) ENGINE=InnoDB DEFAULT CHARSET=utf8;

-- --------------------------------------------------------

--
-- Estructura de tabla para la tabla `icarga`
--

CREATE TABLE `icarga` (
  `ID_ICARGA` bigint(20) NOT NULL,
  `FECHA_INGRESO` datetime DEFAULT NULL,
  `FECHA_MODIFCIACION` datetime DEFAULT NULL,
  `FECHA_ETD_ICARGA` date DEFAULT NULL,
  `FECHA_ETA_ICARGA` date DEFAULT NULL,
  `TEMBARQUE` int(11) DEFAULT NULL,
  `BOOKING_ICARGA` int(11) DEFAULT NULL,
  `NVUELO_ICARGA` int(11) DEFAULT NULL,
  `NVMARITIMO_ICARGA` int(11) DEFAULT NULL,
  `NVTERRESTE_ICARGA` int(11) DEFAULT NULL,
  `NAWB_ICARGA` int(11) DEFAULT NULL,
  `FECHA_CARGA_ICARGA` date DEFAULT NULL,
  `FDA` int(11) DEFAULT NULL,
  `NSELLO_ICARGA` int(11) DEFAULT NULL,
  `FUMIGADO_ICARGA` int(11) DEFAULT NULL,
  `FECHA_CSTACKING` date DEFAULT NULL,
  `TC_ICARGA` decimal(11,2) DEFAULT NULL,
  `P02_ICARGA` decimal(11,2) DEFAULT NULL,
  `PC02_ICARGA` decimal(11,2) DEFAULT NULL,
  `CORTINA` varchar(300) DEFAULT NULL,
  `TBL_ICARGA` int(11) DEFAULT NULL,
  `ALAMPA_ICARGA` int(11) DEFAULT NULL,
  `NVIAJE_ICARGA` int(11) DEFAULT NULL,
  `NUMERO_LOTE_ICARGA` int(11) DEFAULT NULL,
  `NORDEN_EMBALAJE_ICARGA` int(11) DEFAULT NULL,
  `FECHA_DESPACHO_ICARGA` date DEFAULT NULL,
  `NUMERO_GUIA_ICARGA` int(11) DEFAULT NULL,
  `PATENTE_ICARGA` varchar(100) DEFAULT NULL,
  `NTERMOGRAFOS_ICARGA` int(11) DEFAULT NULL,
  `OBSERVACION` varchar(300) DEFAULT NULL,
  `ESTADO` int(11) DEFAULT NULL,
  `ESTADO_REGISTRO` int(11) DEFAULT NULL,
  `ID_CONSIGNATARIO` bigint(20) NOT NULL,
  `ID_NOTIFICADOR` bigint(20) NOT NULL,
  `ID_PDESTINO` bigint(20) DEFAULT NULL,
  `ID_ADESTINO` bigint(20) DEFAULT NULL,
  `ID_LDESTINO` bigint(20) DEFAULT NULL,
  `ID_TRANSPORTE` bigint(20) DEFAULT NULL,
  `ID_LAREA` bigint(20) DEFAULT NULL,
  `ID_NAVIERA` bigint(20) DEFAULT NULL,
  `ID_VEHICULO` bigint(20) DEFAULT NULL,
  `ID_AERONAVE` bigint(20) DEFAULT NULL,
  `ID_NAVE` bigint(20) DEFAULT NULL,
  `ID_EXPPORTADORA` bigint(20) NOT NULL,
  `ID_AADUANA` bigint(20) NOT NULL,
  `ID_AGCARGA` bigint(20) NOT NULL,
  `ID_PAIS` bigint(20) NOT NULL,
  `ID_LCARGA` bigint(20) DEFAULT NULL,
  `ID_PCARGA` bigint(20) DEFAULT NULL,
  `ID_ACARGA` bigint(20) DEFAULT NULL,
  `ID_FPAGO` bigint(20) NOT NULL,
  `ID_MVENTA` bigint(20) NOT NULL,
  `ID_CVENTA` bigint(20) NOT NULL,
  `ID_TMONEDA` bigint(20) NOT NULL,
  `ID_ATMOSFERA` bigint(20) NOT NULL,
  `ID_TCONTENEDOR` bigint(20) NOT NULL,
  `ID_TFLETE` bigint(20) NOT NULL,
  `ID_MERCADO` bigint(20) NOT NULL,
  `ID_RFINAL` bigint(20) NOT NULL,
  `ID_BROKER` bigint(20) NOT NULL,
  `ID_TSERVICIO` bigint(20) NOT NULL,
  `ID_DFINAL` bigint(20) NOT NULL,
  `ID_EMPRESA` bigint(20) NOT NULL,
  `ID_PLANTA` bigint(20) NOT NULL,
  `ID_TEMPORADA` bigint(20) NOT NULL
) ENGINE=InnoDB DEFAULT CHARSET=utf8;

-- --------------------------------------------------------

--
-- Estructura de tabla para la tabla `laerea`
--

CREATE TABLE `laerea` (
  `ID_LAEREA` bigint(20) NOT NULL,
  `RUT_LAEREA` varchar(20) DEFAULT NULL,
  `NOMBRE_LAEREA` varchar(300) DEFAULT NULL,
  `GIRO_LAEREA` varchar(300) DEFAULT NULL,
  `RAZON_SOCIAL_LAEREA` varchar(300) DEFAULT NULL,
  `DIRECCION_LAEREA` varchar(300) DEFAULT NULL,
  `CONTACTO_LAEREA` varchar(300) DEFAULT NULL,
  `TELEFONO_LAEREA` int(11) DEFAULT NULL,
  `EMAIL_LAEREA` varchar(300) DEFAULT NULL,
  `NOTA_LAEREA` varchar(300) DEFAULT NULL,
  `ESTADO_REGISTRO` int(11) DEFAULT NULL,
  `CIUDAD` bigint(20) NOT NULL
) ENGINE=InnoDB DEFAULT CHARSET=utf8;

--
-- Volcado de datos para la tabla `laerea`
--

INSERT INTO `laerea` (`ID_LAEREA`, `RUT_LAEREA`, `NOMBRE_LAEREA`, `GIRO_LAEREA`, `RAZON_SOCIAL_LAEREA`, `DIRECCION_LAEREA`, `CONTACTO_LAEREA`, `TELEFONO_LAEREA`, `EMAIL_LAEREA`, `NOTA_LAEREA`, `ESTADO_REGISTRO`, `CIUDAD`) VALUES
(1, '11', 'pp', 'pp', 'pp', 'ppp', 'aa', 111, 'pp@pp.cl', '', 1, 1);

-- --------------------------------------------------------

--
-- Estructura de tabla para la tabla `lcarga`
--

CREATE TABLE `lcarga` (
  `ID_LCARGA` bigint(20) NOT NULL,
  `NOMBRE_LCARGA` varchar(300) DEFAULT NULL,
  `ESTADO_REGISTRO` int(11) DEFAULT NULL
) ENGINE=InnoDB DEFAULT CHARSET=utf8;

--
-- Volcado de datos para la tabla `lcarga`
--

INSERT INTO `lcarga` (`ID_LCARGA`, `NOMBRE_LCARGA`, `ESTADO_REGISTRO`) VALUES
(1, 'PRUEBA', 1);

-- --------------------------------------------------------

--
-- Estructura de tabla para la tabla `ldestino`
--

CREATE TABLE `ldestino` (
  `ID_LDESTINO` bigint(20) NOT NULL,
  `NOMBRE_LDESTINO` varchar(300) DEFAULT NULL,
  `ESTADO_REGISTRO` int(11) DEFAULT NULL
) ENGINE=InnoDB DEFAULT CHARSET=utf8;

--
-- Volcado de datos para la tabla `ldestino`
--

INSERT INTO `ldestino` (`ID_LDESTINO`, `NOMBRE_LDESTINO`, `ESTADO_REGISTRO`) VALUES
(1, 'PREUBA', 1);

-- --------------------------------------------------------

--
-- Estructura de tabla para la tabla `mercado`
--

CREATE TABLE `mercado` (
  `ID_MERCADO` bigint(20) NOT NULL,
  `NOMBRE_MERCADO` varchar(100) DEFAULT NULL,
  `ESTADO_REGISTRO` int(11) DEFAULT NULL
) ENGINE=InnoDB DEFAULT CHARSET=utf8;

--
-- Volcado de datos para la tabla `mercado`
--

INSERT INTO `mercado` (`ID_MERCADO`, `NOMBRE_MERCADO`, `ESTADO_REGISTRO`) VALUES
(1, 'USA', 1),
(2, 'EUROPA', 1),
(3, 'CHINA', 1);

-- --------------------------------------------------------

--
-- Estructura de tabla para la tabla `mventa`
--

CREATE TABLE `mventa` (
  `ID_MVENTA` bigint(20) NOT NULL,
  `NOMBRE_MVENTA` varchar(300) DEFAULT NULL,
  `NOTA_MVENTA` varchar(300) DEFAULT NULL,
  `ESTADO_REGISTRO` int(11) DEFAULT NULL
) ENGINE=InnoDB DEFAULT CHARSET=utf8;

--
-- Volcado de datos para la tabla `mventa`
--

INSERT INTO `mventa` (`ID_MVENTA`, `NOMBRE_MVENTA`, `NOTA_MVENTA`, `ESTADO_REGISTRO`) VALUES
(1, 'prueba', '', 1);

-- --------------------------------------------------------

--
-- Estructura de tabla para la tabla `nave`
--

CREATE TABLE `nave` (
  `ID_NAVE` bigint(20) NOT NULL,
  `NOMBRE_NAVE` varchar(300) DEFAULT NULL,
  `ESTADO_REGISTRO` int(11) DEFAULT NULL,
  `ID_NAVIERA` bigint(20) NOT NULL
) ENGINE=InnoDB DEFAULT CHARSET=utf8;

--
-- Volcado de datos para la tabla `nave`
--

INSERT INTO `nave` (`ID_NAVE`, `NOMBRE_NAVE`, `ESTADO_REGISTRO`, `ID_NAVIERA`) VALUES
(1, 'PPP', 1, 1);

-- --------------------------------------------------------

--
-- Estructura de tabla para la tabla `naviera`
--

CREATE TABLE `naviera` (
  `ID_NAVIERA` bigint(20) NOT NULL,
  `RUT_NAVIERA` varchar(20) DEFAULT NULL,
  `NOMBRE_NAVIERA` varchar(300) DEFAULT NULL,
  `GIRO_NAVIERA` varchar(300) DEFAULT NULL,
  `RAZON_SOCIAL_NAVIERA` varchar(300) DEFAULT NULL,
  `DIRECCION_NAVIERA` varchar(300) DEFAULT NULL,
  `CONTACTO_NAVIERA` varchar(300) DEFAULT NULL,
  `TELEFONO_NAVIERA` int(11) DEFAULT NULL,
  `EMAIL_NAVIERA` varchar(300) DEFAULT NULL,
  `NOTA_NAVIERA` varchar(300) DEFAULT NULL,
  `ESTADO_REGISTRO` int(11) DEFAULT NULL,
  `CIUDAD` bigint(20) NOT NULL
) ENGINE=InnoDB DEFAULT CHARSET=utf8;

--
-- Volcado de datos para la tabla `naviera`
--

INSERT INTO `naviera` (`ID_NAVIERA`, `RUT_NAVIERA`, `NOMBRE_NAVIERA`, `GIRO_NAVIERA`, `RAZON_SOCIAL_NAVIERA`, `DIRECCION_NAVIERA`, `CONTACTO_NAVIERA`, `TELEFONO_NAVIERA`, `EMAIL_NAVIERA`, `NOTA_NAVIERA`, `ESTADO_REGISTRO`, `CIUDAD`) VALUES
(1, '11', 'pp', 'pp', 'pp', '1', 'pp', 11, 'pp@pp.cl', '', 1, 1);

-- --------------------------------------------------------

--
-- Estructura de tabla para la tabla `notificador`
--

CREATE TABLE `notificador` (
  `ID_NOTIFICADOR` bigint(20) NOT NULL,
  `NOMBRE_NOTIFICADOR` varchar(300) DEFAULT NULL,
  `EORI_NOTIFICADOR` varchar(300) DEFAULT NULL,
  `DIRECCION_NOTIFICADOR` varchar(300) DEFAULT NULL,
  `CONTACTO1_NOTIFICADOR` varchar(300) DEFAULT NULL,
  `CARGO1_NOTIFICADOR` varchar(300) DEFAULT NULL,
  `EMAIL1_NOTIFICADOR` varchar(300) DEFAULT NULL,
  `CONTACTO2_NOTIFICADOR` varchar(300) DEFAULT NULL,
  `CARGO2_NOTIFICADOR` varchar(300) DEFAULT NULL,
  `EMAIL2_NOTIFICADOR` varchar(300) DEFAULT NULL,
  `CONTACTO3_NOTIFICADOR` varchar(300) DEFAULT NULL,
  `CARGO3_NOTIFICADOR` varchar(300) DEFAULT NULL,
  `EMAIL3_NOTIFICADOR` varchar(300) DEFAULT NULL,
  `ESTADO_REGISTRO` int(11) DEFAULT NULL,
  `CIUDAD` bigint(20) NOT NULL
) ENGINE=InnoDB DEFAULT CHARSET=utf8;

--
-- Volcado de datos para la tabla `notificador`
--

INSERT INTO `notificador` (`ID_NOTIFICADOR`, `NOMBRE_NOTIFICADOR`, `EORI_NOTIFICADOR`, `DIRECCION_NOTIFICADOR`, `CONTACTO1_NOTIFICADOR`, `CARGO1_NOTIFICADOR`, `EMAIL1_NOTIFICADOR`, `CONTACTO2_NOTIFICADOR`, `CARGO2_NOTIFICADOR`, `EMAIL2_NOTIFICADOR`, `CONTACTO3_NOTIFICADOR`, `CARGO3_NOTIFICADOR`, `EMAIL3_NOTIFICADOR`, `ESTADO_REGISTRO`, `CIUDAD`) VALUES
(2, 'pp', '111', '111', '1', '1', '1@1.CL', '2', '2', '2@2.cl', '3', '3', '3@3.cl', 1, 1);

-- --------------------------------------------------------

--
-- Estructura de tabla para la tabla `pae`
--

CREATE TABLE `pae` (
  `ID_PAE` bigint(20) NOT NULL,
  `ID_PRODUCTOR` bigint(20) NOT NULL,
  `ID_EMPRESA` bigint(20) NOT NULL
) ENGINE=InnoDB DEFAULT CHARSET=utf8;

-- --------------------------------------------------------

--
-- Estructura de tabla para la tabla `pais`
--

CREATE TABLE `pais` (
  `ID_PAIS` bigint(20) NOT NULL,
  `CODIGO_SAG_PAIS` int(11) DEFAULT NULL,
  `NOMBRE_PAIS` varchar(300) DEFAULT NULL,
  `ESTADO_REGISTRO` int(11) DEFAULT NULL
) ENGINE=InnoDB DEFAULT CHARSET=utf8;

--
-- Volcado de datos para la tabla `pais`
--

INSERT INTO `pais` (`ID_PAIS`, `CODIGO_SAG_PAIS`, `NOMBRE_PAIS`, `ESTADO_REGISTRO`) VALUES
(1, 339, 'ABU DHABI', 1),
(2, 308, 'AFGANISTAN', 1),
(3, 517, 'ALBANIA', 1),
(4, 700, 'ALEMANIA', 1),
(5, 132, 'ALTO VOLTA', 1),
(6, 524, 'ANDORRA', 1),
(7, 140, 'ANGOLA', 1),
(8, 244, 'ANTILLAS FRANCESAS', 1),
(9, 241, 'ANTILLAS HOLANDESAS', 1),
(10, 302, 'ARABIA SAUDITA', 1),
(11, 127, 'ARGELIA', 1),
(12, 224, 'ARGENTINA', 1),
(13, 353, 'ARMENIA', 1),
(14, 242, 'ARUBA', 1),
(15, 406, 'AUSTRALIA', 1),
(16, 700, 'AUSTRIA', 1),
(17, 349, 'AZERBAIJAN', 1),
(18, 207, 'BAHAMAS', 1),
(19, 313, 'BAHREIN', 1),
(20, 321, 'BANGLADESH', 1),
(21, 204, 'BARBADOS', 1),
(22, 700, 'BELGICA', 1),
(23, 232, 'BELICE', 1),
(24, 150, 'BENIN', 1),
(25, 234, 'BERMUDAS', 1),
(26, 534, 'BIELORRUSIA', 1),
(27, 326, 'BIRMANIA', 1),
(28, 221, 'BOLIVIA', 1),
(29, 535, 'BOSNIA HERZEGOVINA', 1),
(30, 113, 'BOTSWANA', 1),
(31, 220, 'BRASIL', 1),
(32, 344, 'BRUNEI', 1),
(33, 700, 'BULGARIA', 1),
(34, 152, 'BURKINA FASO', 1),
(35, 141, 'BURUNDI', 1),
(36, 318, 'BUTAN', 1),
(37, 129, 'CABO VERDE', 1),
(38, 315, 'CAMBOYA', 1),
(39, 149, 'CAMERUN', 1),
(40, 226, 'CANADA', 1),
(41, 314, 'CEYLANISRILANKA', 1),
(42, 130, 'CHAD', 1),
(43, 235, 'CHILE', 1),
(44, 336, 'CHINA', 1),
(45, 700, 'CHIPRE', 1),
(46, 202, 'COLOMBIA', 1),
(47, 144, 'CONGO', 1),
(48, 334, 'COREA DEL NORTE', 1),
(49, 333, 'COREA DEL SUR', 1),
(50, 107, 'COSTA MARFIL', 1),
(51, 211, 'COSTA RICA', 1),
(52, 533, 'CROACIA', 1),
(53, 209, 'CUBA', 1),
(54, 233, 'CURAZAO', 1),
(55, 700, 'DINAMARCA', 1),
(56, 218, 'ECUADOR', 1),
(57, 124, 'EGIPTO', 1),
(58, 347, 'EMIRATOS ARABES', 1),
(59, 700, 'ESCOCIA', 1),
(60, 700, 'ESLOVAQUIA', 1),
(61, 700, 'ESLOVENIA', 1),
(62, 700, 'ESPAÃ‘A', 1),
(63, 700, 'ESTONIA', 1),
(64, 139, 'ETIOPIA', 1),
(65, 401, 'FIJI', 1),
(66, 335, 'FILIPINAS', 1),
(67, 700, 'FINLANDIA', 1),
(68, 700, 'FRANCIA', 1),
(69, 145, 'GABON', 1),
(70, 700, 'GALES', 1),
(71, 102, 'GAMBIA', 1),
(72, 350, 'GEORGIA', 1),
(73, 108, 'GHANA', 1),
(74, 700, 'GRECIA', 1),
(75, 243, 'GUADALUPE', 1),
(76, 215, 'GUATEMALA', 1),
(77, 549, 'GUAYANA FRANCESA', 1),
(78, 104, 'GUINEA', 1),
(79, 147, 'GUINEA ECUATORIAL', 1),
(80, 103, 'GUINEA-BISSAU', 1),
(81, 217, 'GUYANA', 1),
(82, 208, 'HAITI', 1),
(83, 700, 'HOLANDA', 1),
(84, 214, 'HONDURAS', 1),
(85, 345, 'HONG KONG', 1),
(86, 700, 'HUNGRIA', 1),
(87, 317, 'INDIA', 1),
(88, 328, 'INDONESIA', 1),
(89, 700, 'INGLATERRA', 1),
(90, 307, 'IRAK', 1),
(91, 309, 'IRAN', 1),
(92, 700, 'IRLANDA', 1),
(93, 515, 'ISLANDIA', 1),
(94, 548, 'ISLAS BALEARES', 1),
(95, 227, 'ISLAS CAIMAN', 1),
(96, 118, 'ISLAS COMORAS', 1),
(97, 411, 'ISLAS COOK', 1),
(98, 240, 'ISLAS FALKLAND', 1),
(99, 530, 'ISLAS FAROE', 1),
(100, 407, 'ISLAS MARSHALL', 1),
(101, 408, 'ISLAS SALOMON', 1),
(102, 228, 'ISLAS VIRGENES AMERICANAS', 1),
(103, 229, 'ISLAS VIRGENES BRITANICAS', 1),
(104, 306, 'ISRAEL', 1),
(105, 700, 'ITALIA', 1),
(106, 205, 'JAMAICA', 1),
(107, 331, 'JAPON', 1),
(108, 301, 'JORDANIA', 1),
(109, 354, 'KAZAJSTAN', 1),
(110, 137, 'KENYA', 1),
(111, 342, 'KIRGUIZISTAN', 1),
(112, 409, 'KIRIBATI', 1),
(113, 303, 'KUWAIT', 1),
(114, 316, 'LAOS', 1),
(115, 348, 'LEJANO ORIENTE', 1),
(116, 114, 'LESOTHO', 1),
(117, 700, 'LETONIA', 1),
(118, 311, 'LIBANO', 1),
(119, 106, 'LIBERIA', 1),
(120, 125, 'LIBIA', 1),
(121, 531, 'LIECHTENSTEIN', 1),
(122, 700, 'LITUANIA', 1),
(123, 700, 'LUXEMBURGO', 1),
(124, 346, 'MACAO', 1),
(125, 543, 'MACEDONIA', 1),
(126, 120, 'MADAGASCAR', 1),
(127, 329, 'MALASIA', 1),
(128, 115, 'MALAWI', 1),
(129, 323, 'MALDIVAS', 1),
(130, 133, 'MALI', 1),
(131, 700, 'MALTA', 1),
(132, 128, 'MARRUECOS', 1),
(133, 230, 'MARTINICA', 1),
(134, 119, 'MAURICIO', 1),
(135, 134, 'MAURITANIA', 1),
(136, 110, 'MAYOTTE', 1),
(137, 300, 'MEDIO ORIENTE', 1),
(138, 216, 'MEXICO', 1),
(139, 541, 'MOLDOVA', 1),
(140, 546, 'MONACO', 1),
(141, 337, 'MONGOLIA', 1),
(142, 121, 'MOZAMBIQUE', 1),
(143, 701, 'MYANMAR', 1),
(144, 153, 'NAMIBIA', 1),
(145, 402, 'NAURU', 1),
(146, 320, 'NEPAL', 1),
(147, 212, 'NICARAGUA', 1),
(148, 131, 'NIGER', 1),
(149, 111, 'NIGERIA', 1),
(150, 414, 'NIQUE Y TOKELAU', 1),
(151, 512, 'NORUEGA', 1),
(152, 413, 'NUEVA CALEDONIA', 1),
(153, 405, 'NUEVA ZELANDIA', 1),
(154, 304, 'OMAN', 1),
(155, 700, 'PAISES BAJOS', 1),
(156, 324, 'PAKISTAN', 1),
(157, 410, 'PALAU', 1),
(158, 210, 'PANAMA', 1),
(159, 412, 'PAPUA/NUEVA GUINEA', 1),
(160, 222, 'PARAGUAY', 1),
(161, 219, 'PERU', 1),
(162, 700, 'POLONIA', 1),
(163, 700, 'PORTUGAL', 1),
(164, 231, 'PUERTO RICO', 1),
(165, 312, 'QATAR', 1),
(166, 700, 'REINO UNIDO', 1),
(167, 148, 'REP. CENTROAFRICANA', 1),
(168, 151, 'REP. DE DJIBOUTI', 1),
(169, 206, 'REP. DOMINICANA', 1),
(170, 700, 'REPUBLICA CHECA', 1),
(171, 154, 'REUNION', 1),
(172, 142, 'RUANDA', 1),
(173, 700, 'RUMANIA', 1),
(174, 520, 'RUSIA', 1),
(175, 213, 'SALVADOR', 1),
(176, 404, 'SAMOA', 1),
(177, 238, 'SAN CRISTOBAL Y NIEVES', 1),
(178, 236, 'SAN VICENTE Y GRANADINAS', 1),
(179, 237, 'SANTA LUCIA', 1),
(180, 547, 'SANTA SEDE', 1),
(181, 146, 'SAO TOME Y PRINCIPE', 1),
(182, 101, 'SENEGAL', 1),
(183, 525, 'SERBIA', 1),
(184, 143, 'SEYCHELLES', 1),
(185, 341, 'SHARJAH', 1),
(186, 105, 'SIERRA LEONA', 1),
(187, 338, 'SIKKIM', 1),
(188, 332, 'SINGAPUR', 1),
(189, 310, 'SIRIA', 1),
(190, 138, 'SOMALIA', 1),
(191, 550, 'SRI LANKA', 1),
(192, 112, 'SUDAFRICA', 1),
(193, 123, 'SUDAN', 1),
(194, 700, 'SUECIA', 1),
(195, 507, 'SUIZA', 1),
(196, 239, 'SURINAM', 1),
(197, 122, 'SWAZILANDIA', 1),
(198, 416, 'TAHITI', 1),
(199, 351, 'TAILANDIA', 1),
(200, 330, 'TAIWAN/FORMOSA', 1),
(201, 135, 'TANZANIA', 1),
(202, 343, 'TAYIKISTAN', 1),
(203, 319, 'THAILANDIA', 1),
(204, 109, 'TOGO', 1),
(205, 403, 'TONGA', 1),
(206, 203, 'TRINIDAD Y TOBAGO', 1),
(207, 126, 'TUNEZ', 1),
(208, 352, 'TURKMENISTAN', 1),
(209, 521, 'TURQUIA', 1),
(210, 415, 'TUVALU', 1),
(211, 542, 'UCRANIA', 1),
(212, 136, 'UGANDA', 1),
(213, 700, 'UNION EUROPEA', 1),
(214, 223, 'URUGUAY', 1),
(215, 225, 'USA', 1),
(216, 327, 'UZBEKISTAN', 1),
(217, 417, 'VANUATU', 1),
(218, 523, 'VATICANO', 1),
(219, 201, 'VENEZUELA', 1),
(220, 325, 'VIETNAM', 1),
(221, 322, 'YEMEN', 1),
(222, 117, 'ZAMBIA', 1),
(223, 116, 'ZIMBABWE', 1);

-- --------------------------------------------------------

--
-- Estructura de tabla para la tabla `pcarga`
--

CREATE TABLE `pcarga` (
  `ID_PCARGA` bigint(20) NOT NULL,
  `NOMBRE_PCARGA` varchar(300) DEFAULT NULL,
  `ESTADO_REGISTRO` int(11) DEFAULT NULL
) ENGINE=InnoDB DEFAULT CHARSET=utf8;

--
-- Volcado de datos para la tabla `pcarga`
--

INSERT INTO `pcarga` (`ID_PCARGA`, `NOMBRE_PCARGA`, `ESTADO_REGISTRO`) VALUES
(1, 'prueba', 1);

-- --------------------------------------------------------

--
-- Estructura de tabla para la tabla `pdestino`
--

CREATE TABLE `pdestino` (
  `ID_PDESTINO` bigint(20) NOT NULL,
  `NOMBRE_PDESTINO` varchar(300) DEFAULT NULL,
  `ESTADO_REGISTRO` int(11) DEFAULT NULL
) ENGINE=InnoDB DEFAULT CHARSET=utf8;

--
-- Volcado de datos para la tabla `pdestino`
--

INSERT INTO `pdestino` (`ID_PDESTINO`, `NOMBRE_PDESTINO`, `ESTADO_REGISTRO`) VALUES
(1, 'PUERTO', 1);

-- --------------------------------------------------------

--
-- Estructura de tabla para la tabla `planta`
--

CREATE TABLE `planta` (
  `ID_PLANTA` bigint(20) NOT NULL,
  `NOMBRE_PLANTA` varchar(300) DEFAULT NULL,
  `RAZON_SOCIAL_PLANTA` varchar(300) DEFAULT NULL,
  `DIRECCION_PLANTA` varchar(300) DEFAULT NULL,
  `CODIGO_SAG_PLANTA` int(11) DEFAULT NULL,
  `CONTRAPARTE_PLANTA` varchar(300) DEFAULT NULL,
  `FDA_PLANTA` bigint(20) DEFAULT NULL,
  `ESTADO_REGISTRO` int(11) DEFAULT NULL,
  `CIUDAD` bigint(20) NOT NULL,
  `ID_EMPRESA` bigint(20) NOT NULL
) ENGINE=InnoDB DEFAULT CHARSET=utf8;

--
-- Volcado de datos para la tabla `planta`
--

INSERT INTO `planta` (`ID_PLANTA`, `NOMBRE_PLANTA`, `RAZON_SOCIAL_PLANTA`, `DIRECCION_PLANTA`, `CODIGO_SAG_PLANTA`, `CONTRAPARTE_PLANTA`, `FDA_PLANTA`, `ESTADO_REGISTRO`, `CIUDAD`, `ID_EMPRESA`) VALUES
(1, 'Planta El Alamo', 'SOCIEDAD AGRICOLA EL ALAMO LIMITADA', 'RUTA Q 45_HIJUELA 3 LOTE 1 EX FUNDO SANTA LUISA', 153296, '-', 153296, 1, 1, 1);

-- --------------------------------------------------------

--
-- Estructura de tabla para la tabla `proceso`
--

CREATE TABLE `proceso` (
  `ID_PROCESO` bigint(20) NOT NULL,
  `FECHA_PROCESO` date DEFAULT NULL,
  `FECHA_INGRESO_PROCESO` datetime DEFAULT NULL,
  `FECHA_MODIFICACION_PROCESO` datetime DEFAULT NULL,
  `TURNO` int(11) DEFAULT NULL,
  `OBSERVACIONE_PROCESO` varchar(300) DEFAULT NULL,
  `KILOS_NETO_PROCESO` decimal(11,2) DEFAULT NULL,
  `KILOS_EXPORTACION_PROCESO` decimal(11,2) DEFAULT NULL,
  `KILOS_INDUSTRIAL_PROCESO` decimal(11,2) DEFAULT NULL,
  `PDEXPORTACION_PROCESO` decimal(11,2) DEFAULT NULL,
  `PDINDUSTRIAL_PROCESO` decimal(11,2) DEFAULT NULL,
  `PORCENTAJE_PROCESO` varchar(45) DEFAULT NULL,
  `ESTADO` int(11) DEFAULT NULL,
  `ESTADO_REGISTRO` int(11) DEFAULT NULL,
  `ID_PVESPECIES` bigint(20) NOT NULL,
  `ID_PRODUCTOR` bigint(20) NOT NULL,
  `ID_TPROCESO` bigint(20) NOT NULL,
  `ID_EMPRESA` bigint(20) NOT NULL,
  `ID_PLANTA` bigint(20) NOT NULL,
  `ID_TEMPORADA` bigint(20) NOT NULL
) ENGINE=InnoDB DEFAULT CHARSET=utf8;

--
-- Volcado de datos para la tabla `proceso`
--

INSERT INTO `proceso` (`ID_PROCESO`, `FECHA_PROCESO`, `FECHA_INGRESO_PROCESO`, `FECHA_MODIFICACION_PROCESO`, `TURNO`, `OBSERVACIONE_PROCESO`, `KILOS_NETO_PROCESO`, `KILOS_EXPORTACION_PROCESO`, `KILOS_INDUSTRIAL_PROCESO`, `PDEXPORTACION_PROCESO`, `PDINDUSTRIAL_PROCESO`, `PORCENTAJE_PROCESO`, `ESTADO`, `ESTADO_REGISTRO`, `ID_PVESPECIES`, `ID_PRODUCTOR`, `ID_TPROCESO`, `ID_EMPRESA`, `ID_PLANTA`, `ID_TEMPORADA`) VALUES
(1, '2021-04-05', '2021-04-05 14:59:24', '2021-04-05 15:35:43', 1, '', '686.17', '710.33', '9.67', '98.66', '1.34', '100', 0, 1, 1, 1, 1, 1, 1, 1),
(2, '2021-04-05', '2021-04-05 22:02:42', '2021-04-05 22:57:18', 1, '', '1428.30', '1181.70', '258.30', '82.06', '17.94', '100', 1, 1, 1, 1, 1, 1, 1, 1);

-- --------------------------------------------------------

--
-- Estructura de tabla para la tabla `productor`
--

CREATE TABLE `productor` (
  `ID_PRODUCTOR` bigint(20) NOT NULL,
  `RUT_PRODUCTOR` varchar(300) DEFAULT NULL,
  `NOMBRE_PRODUCTOR` varchar(300) DEFAULT NULL,
  `DIRECCION_PRODUCTOR` varchar(300) DEFAULT NULL,
  `TELEFONO_PRODUCTOR` bigint(30) DEFAULT NULL,
  `EMAIL_PRODUCTOR` varchar(300) DEFAULT NULL,
  `GIRO_PRODUCTOR` varchar(300) DEFAULT NULL,
  `CSG_PRODUCTOR` int(11) DEFAULT NULL,
  `SDP_PRODUCTOR` int(11) DEFAULT NULL,
  `PRB_PRODUCTOR` int(11) DEFAULT NULL,
  `CODIGO_ASOCIADO_PRODUCTOR` int(11) DEFAULT NULL,
  `NOMBRE_ASOCIADO_PRODUCTOR` varchar(300) DEFAULT NULL,
  `ESTADO_REGISTRO` int(11) DEFAULT NULL,
  `CIUDAD` bigint(20) NOT NULL,
  `ID_TPRODUCTOR` bigint(20) NOT NULL
) ENGINE=InnoDB DEFAULT CHARSET=utf8;

--
-- Volcado de datos para la tabla `productor`
--

INSERT INTO `productor` (`ID_PRODUCTOR`, `RUT_PRODUCTOR`, `NOMBRE_PRODUCTOR`, `DIRECCION_PRODUCTOR`, `TELEFONO_PRODUCTOR`, `EMAIL_PRODUCTOR`, `GIRO_PRODUCTOR`, `CSG_PRODUCTOR`, `SDP_PRODUCTOR`, `PRB_PRODUCTOR`, `CODIGO_ASOCIADO_PRODUCTOR`, `NOMBRE_ASOCIADO_PRODUCTOR`, `ESTADO_REGISTRO`, `CIUDAD`, `ID_TPRODUCTOR`) VALUES
(1, '76012771-K', 'Agricola Hüne Ltda.', '-', 1, 'preuba@preuba.cl', '-', 150130, 1, 1, 150130, '-', 1, 1, 2),
(2, '1111111', 'Agricola Alamo Ltda', 'algun lado', 1, 'prueba@po.cl', '1', 1, 1, 1, 1, 'El alamo', 1, 1, 1);

-- --------------------------------------------------------

--
-- Estructura de tabla para la tabla `provincia`
--

CREATE TABLE `provincia` (
  `ID_PROVINCIA` bigint(20) NOT NULL,
  `NOMBRE_PROVINCIA` varchar(300) DEFAULT NULL,
  `ESTADO_REGISTRO` int(11) DEFAULT NULL,
  `ID_REGION` bigint(20) NOT NULL
) ENGINE=InnoDB DEFAULT CHARSET=utf8;

--
-- Volcado de datos para la tabla `provincia`
--

INSERT INTO `provincia` (`ID_PROVINCIA`, `NOMBRE_PROVINCIA`, `ESTADO_REGISTRO`, `ID_REGION`) VALUES
(1, 'IQUIQUE', 1, 1),
(2, 'TAMARUGAL', 1, 1),
(3, 'ANTOFAGASTA', 1, 2),
(4, 'EL LOA', 1, 2),
(5, 'TOCOPILLA', 1, 2),
(6, 'CHANARAL', 1, 3),
(7, 'COPIAPO', 1, 3),
(8, 'HUASCO', 1, 3),
(9, 'ELQUI', 1, 5),
(10, 'LIMARI', 1, 5),
(11, 'CHOAPA', 1, 5),
(12, 'ISLA DE PASCUA', 1, 4),
(13, 'LOS ANDES', 1, 4),
(14, 'PETORCA', 1, 4),
(15, 'QUILLOTA', 1, 4),
(16, 'SAN ANTONIO', 1, 4),
(17, 'SAN FELIPE DE ACONCAGUA', 1, 4),
(18, 'VALPARAISO', 1, 4),
(19, 'MARGA MARGA', 1, 4),
(20, 'CACHAPOAL', 1, 6),
(21, 'COLCHAGUA', 1, 6),
(22, 'CARDENAL CARO', 1, 6),
(23, 'CAUQUENES', 1, 7),
(24, 'CURICÏ¿½', 1, 7),
(25, 'LINARES', 1, 7),
(26, 'TALCA', 1, 7),
(27, 'ARAUCO', 1, 8),
(28, 'BIOBIO', 1, 8),
(29, 'CONCEPCION', 1, 8),
(30, 'Nuble', 1, 13),
(31, 'CAUTIN', 1, 9),
(32, 'MALLECO', 1, 9),
(33, 'OSORNO', 1, 10),
(34, 'LLANQUIHUE', 1, 10),
(35, 'CHILOE', 1, 10),
(36, 'PALENA', 1, 10),
(37, 'AYSEN', 1, 11),
(38, 'CAPITIN PRAT', 1, 11),
(39, 'COYHAIQUE', 1, 11),
(40, 'GENERAL CARRERA', 1, 11),
(41, 'ANTARTICA CHILENA', 1, 12),
(42, 'MAGALLANES', 1, 12),
(43, 'TIERRA DEL FUEGO', 1, 12),
(44, 'ULTIMA ESPERANZA', 1, 12),
(45, 'RANCO', 1, 14),
(46, 'VALDIVIA', 1, 14),
(47, 'ARICA', 1, 15),
(48, 'PARINACOTA', 1, 15),
(49, 'CHACABUCO', 1, 16),
(50, 'CORDILLERA', 1, 16),
(51, 'MAIPO', 1, 16),
(52, 'MELIPILLA', 1, 16),
(53, 'SANTIAGO', 1, 16),
(54, 'TALAGANTE', 1, 16),
(55, 'ITATA', 1, 13),
(56, 'DIGUILLIN', 1, 13),
(57, 'PUNILLA', 1, 13);

-- --------------------------------------------------------

--
-- Estructura de tabla para la tabla `ptusuario`
--

CREATE TABLE `ptusuario` (
  `ID_PTUSUARIO` bigint(20) NOT NULL,
  `DETALLE_PTUSUARIO` varchar(600) DEFAULT NULL,
  `ESTADO_REGISTRO` int(11) DEFAULT NULL,
  `ID_TUSUARIO` bigint(20) NOT NULL
) ENGINE=InnoDB DEFAULT CHARSET=utf8;

-- --------------------------------------------------------

--
-- Estructura de tabla para la tabla `pvespecies`
--

CREATE TABLE `pvespecies` (
  `ID_PVESPECIES` bigint(20) NOT NULL,
  `ESTADO_REGISTRO` int(11) DEFAULT NULL,
  `ID_VESPECIES` bigint(20) NOT NULL,
  `ID_PRODUCTOR` bigint(20) NOT NULL
) ENGINE=InnoDB DEFAULT CHARSET=utf8;

--
-- Volcado de datos para la tabla `pvespecies`
--

INSERT INTO `pvespecies` (`ID_PVESPECIES`, `ESTADO_REGISTRO`, `ID_VESPECIES`, `ID_PRODUCTOR`) VALUES
(1, 1, 1, 1),
(2, 1, 8, 1),
(3, 1, 3, 2);

-- --------------------------------------------------------

--
-- Estructura de tabla para la tabla `recepcion`
--

CREATE TABLE `recepcion` (
  `ID_RECEPCION` bigint(20) NOT NULL,
  `FECHA_RECEPCION` date DEFAULT NULL,
  `HORA_RECEPCION` varchar(100) DEFAULT NULL,
  `NUMERO_GUIA_RECEPCION` varchar(100) DEFAULT NULL,
  `FECHA_GUIA_RECEPCION` date DEFAULT NULL,
  `TOTAL_KILOS_GUIA_RECEPCION` int(11) DEFAULT NULL,
  `CANTIDAD_ENVASE_RECEPCION` int(11) DEFAULT NULL,
  `KILOS_NETO_RECEPCION` decimal(11,2) DEFAULT NULL,
  `KILOS_BRUTO_RECEPCION` decimal(11,2) DEFAULT NULL,
  `FECHA_INGRESO_RECEPCION` datetime DEFAULT NULL,
  `FECHA_MODIFCACION_RECEPCION` datetime DEFAULT NULL,
  `OBSERVACION_RECEPCION` varchar(300) DEFAULT NULL,
  `PATENTE_VEHICULO` varchar(50) DEFAULT NULL,
  `ESTADO` int(11) DEFAULT NULL,
  `ESTADO_REGISTRO` int(11) DEFAULT NULL,
  `ID_TRECEPCION` bigint(20) NOT NULL,
  `ID_PRODUCTOR` bigint(20) NOT NULL,
  `ID_EMPRESA` bigint(20) NOT NULL,
  `ID_PLANTA` bigint(20) NOT NULL,
  `ID_TEMPORADA` bigint(20) NOT NULL,
  `ID_TRANSPORTE` bigint(20) NOT NULL,
  `ID_CONDUCTOR` bigint(20) NOT NULL
) ENGINE=InnoDB DEFAULT CHARSET=utf8;

--
-- Volcado de datos para la tabla `recepcion`
--

INSERT INTO `recepcion` (`ID_RECEPCION`, `FECHA_RECEPCION`, `HORA_RECEPCION`, `NUMERO_GUIA_RECEPCION`, `FECHA_GUIA_RECEPCION`, `TOTAL_KILOS_GUIA_RECEPCION`, `CANTIDAD_ENVASE_RECEPCION`, `KILOS_NETO_RECEPCION`, `KILOS_BRUTO_RECEPCION`, `FECHA_INGRESO_RECEPCION`, `FECHA_MODIFCACION_RECEPCION`, `OBSERVACION_RECEPCION`, `PATENTE_VEHICULO`, `ESTADO`, `ESTADO_REGISTRO`, `ID_TRECEPCION`, `ID_PRODUCTOR`, `ID_EMPRESA`, `ID_PLANTA`, `ID_TEMPORADA`, `ID_TRANSPORTE`, `ID_CONDUCTOR`) VALUES
(1, '2021-04-05', '10:07', '2020', '2021-04-05', 1000, 720, '720.00', '1009.80', '2021-04-05 10:07:39', '2021-04-05 14:52:31', '', 'PT4545', 0, 1, 1, 1, 1, 1, 1, 1, 1),
(2, '2021-04-05', '21:54', '4540', '2021-04-05', 1000, 240, '240.00', '336.60', '2021-04-05 21:55:15', '2021-04-09 16:09:22', '', 'PT4545', 0, 1, 1, 1, 1, 1, 1, 1, 1),
(3, '2021-04-05', '22:43', '11223', '2021-04-05', 1000, 2400, '2400.00', '3366.00', '2021-04-05 22:43:33', '2021-04-05 22:44:31', '', 'PT4545', 0, 1, 1, 1, 1, 1, 1, 1, 1),
(4, '2021-04-09', '16:09', '45125', '2021-04-09', 1000, 240, '240.00', '336.60', '2021-04-09 16:09:42', '2021-04-09 16:10:13', '', 'PT4545', 1, 1, 1, 1, 1, 1, 1, 1, 1);

-- --------------------------------------------------------

--
-- Estructura de tabla para la tabla `reembalaje`
--

CREATE TABLE `reembalaje` (
  `ID_REEMBALAJE` bigint(20) NOT NULL,
  `FECHA_REEMBALAJE` date DEFAULT NULL,
  `FECHA_INGRESO_REEMBALAJE` datetime DEFAULT NULL,
  `FECHA_MODIFICACION_REEMBALAJE` datetime DEFAULT NULL,
  `TURNO` int(11) DEFAULT NULL,
  `KILOS_NETO_REEMBALAJE` decimal(11,2) DEFAULT NULL,
  `KILOS_EXPORTACION_REEMBALAJE` decimal(11,2) DEFAULT NULL,
  `KILOS_INDUSTRIAL_REEMBALAJE` decimal(11,2) DEFAULT NULL,
  `PDEXPORTACION_REEMBALAJE` decimal(11,2) DEFAULT NULL,
  `PDINDUSTRIAL_REEMBALAJE` decimal(11,2) DEFAULT NULL,
  `PORCENTAJE_REEMBALAJE` varchar(45) DEFAULT NULL,
  `OBSERVACIONE_REEMBALAJE` varchar(300) DEFAULT NULL,
  `ESTADO` int(11) DEFAULT NULL,
  `ESTADO_REGISTRO` int(11) DEFAULT NULL,
  `ID_PVESPECIES` bigint(20) NOT NULL,
  `ID_PRODUCTOR` bigint(20) NOT NULL,
  `ID_TREEMBALAJE` bigint(20) NOT NULL,
  `ID_EMPRESA` bigint(20) NOT NULL,
  `ID_PLANTA` bigint(20) NOT NULL,
  `ID_TEMPORADA` bigint(20) NOT NULL
) ENGINE=InnoDB DEFAULT CHARSET=utf8;

--
-- Volcado de datos para la tabla `reembalaje`
--

INSERT INTO `reembalaje` (`ID_REEMBALAJE`, `FECHA_REEMBALAJE`, `FECHA_INGRESO_REEMBALAJE`, `FECHA_MODIFICACION_REEMBALAJE`, `TURNO`, `KILOS_NETO_REEMBALAJE`, `KILOS_EXPORTACION_REEMBALAJE`, `KILOS_INDUSTRIAL_REEMBALAJE`, `PDEXPORTACION_REEMBALAJE`, `PDINDUSTRIAL_REEMBALAJE`, `PORCENTAJE_REEMBALAJE`, `OBSERVACIONE_REEMBALAJE`, `ESTADO`, `ESTADO_REGISTRO`, `ID_PVESPECIES`, `ID_PRODUCTOR`, `ID_TREEMBALAJE`, `ID_EMPRESA`, `ID_PLANTA`, `ID_TEMPORADA`) VALUES
(1, '2021-04-05', '2021-04-05 15:44:17', '2021-04-05 15:49:34', 1, '343.12', '354.38', '5.62', '98.44', '1.56', '100', '', 0, 1, 1, 1, 1, 1, 1, 1),
(2, '2021-04-08', '2021-04-08 11:52:55', '2021-04-08 11:54:12', 1, '945.00', '968.85', '0.00', '107.47', '0.00', '107.47', '', 0, 1, 1, 1, 1, 1, 1, 1);

-- --------------------------------------------------------

--
-- Estructura de tabla para la tabla `region`
--

CREATE TABLE `region` (
  `ID_REGION` bigint(20) NOT NULL,
  `NOMBRE_REGION` varchar(300) DEFAULT NULL,
  `ESTADO_REGISTRO` int(11) DEFAULT NULL,
  `ID_PAIS` bigint(20) NOT NULL
) ENGINE=InnoDB DEFAULT CHARSET=utf8;

--
-- Volcado de datos para la tabla `region`
--

INSERT INTO `region` (`ID_REGION`, `NOMBRE_REGION`, `ESTADO_REGISTRO`, `ID_PAIS`) VALUES
(1, 'TARAPACA I', 1, 43),
(2, 'ANTOFAGASTA II', 1, 43),
(3, 'ATACAMA III', 1, 43),
(4, 'VALPARAISO IV', 1, 43),
(5, 'COQUIMBO V', 1, 43),
(6, 'O\'HIGGINS VI', 1, 43),
(7, 'MAULE VII', 1, 43),
(8, 'BIO BIO VIII', 1, 43),
(9, 'ARAUCANIA IX', 1, 43),
(10, 'LOS LAGOS X', 1, 43),
(11, 'AYSEN XI', 1, 43),
(12, 'MAGALLANES XII', 1, 43),
(13, 'NUBLE XVI', 1, 43),
(14, 'LOS RIOS XIV', 1, 43),
(15, 'ARICA Y PARINACOTA XV', 1, 43),
(16, 'METROPOLITANA SANTIAGO RM', 1, 43);

-- --------------------------------------------------------

--
-- Estructura de tabla para la tabla `repaletizajeex`
--

CREATE TABLE `repaletizajeex` (
  `ID_REPALETIZAJE` bigint(20) NOT NULL,
  `CANTIDAD_ENVASE_REPALETIZAJE` int(11) DEFAULT NULL,
  `KILOS_NETO_REPALETIZAJE` decimal(11,2) DEFAULT NULL,
  `MOTIVO_REPALETIZAJE` varchar(100) DEFAULT NULL,
  `FECHA_INGRESO` datetime DEFAULT NULL,
  `FECHA_MODIFICACION` datetime DEFAULT NULL,
  `ESTADO` int(11) DEFAULT NULL,
  `ESTADO_REGISTRO` int(11) DEFAULT NULL,
  `ID_EMPRESA` bigint(20) NOT NULL,
  `ID_PLANTA` bigint(20) NOT NULL,
  `ID_TEMPORADA` bigint(20) NOT NULL
) ENGINE=InnoDB DEFAULT CHARSET=utf8;

-- --------------------------------------------------------

--
-- Estructura de tabla para la tabla `repaletizajehfo`
--

CREATE TABLE `repaletizajehfo` (
  `ID_REPALETIZAJEHFO` bigint(20) NOT NULL,
  `NUMERO_FOLIO_ORIGINAL` bigint(20) DEFAULT NULL,
  `ID_EXIEXPORTACION` bigint(20) DEFAULT NULL,
  `ID_REPALETIZAJEEX` bigint(20) DEFAULT NULL,
  `ID_EXIMATERIAPRIMA` bigint(20) DEFAULT NULL,
  `ID_REPALETIZAJEMP` bigint(20) DEFAULT NULL
) ENGINE=InnoDB DEFAULT CHARSET=utf8;

-- --------------------------------------------------------

--
-- Estructura de tabla para la tabla `repaletizajemp`
--

CREATE TABLE `repaletizajemp` (
  `ID_REPALETIZAJE` bigint(20) NOT NULL,
  `CANTIDAD_ENVASE_REPALETIZAJE` int(11) DEFAULT NULL,
  `KILOS_NETO_REPALETIZAJE` decimal(11,2) DEFAULT NULL,
  `MOTIVO_REPALETIZAJE` varchar(100) DEFAULT NULL,
  `FECHA_INGRESO` datetime DEFAULT NULL,
  `FECHA_MODIFICACION` datetime DEFAULT NULL,
  `ESTADO` int(11) DEFAULT NULL,
  `ESTADO_REGISTRO` int(11) DEFAULT NULL,
  `ID_EMPRESA` bigint(20) NOT NULL,
  `ID_PLANTA` bigint(20) NOT NULL,
  `ID_TEMPORADA` bigint(20) NOT NULL
) ENGINE=InnoDB DEFAULT CHARSET=utf8;

-- --------------------------------------------------------

--
-- Estructura de tabla para la tabla `rfinal`
--

CREATE TABLE `rfinal` (
  `ID_RFINAL` bigint(20) NOT NULL,
  `NOMBRE_RFINAL` varchar(300) DEFAULT NULL,
  `DIRECCION_RFINAL` varchar(300) DEFAULT NULL,
  `CONTACTO1_RFINAL` varchar(300) DEFAULT NULL,
  `CARGO1_RFINAL` varchar(300) DEFAULT NULL,
  `EMAIL1_RFINAL` varchar(300) DEFAULT NULL,
  `CONTACTO2_RFINAL` varchar(300) DEFAULT NULL,
  `CARGO2_RFINAL` varchar(300) DEFAULT NULL,
  `EMAIL2_RFINAL` varchar(300) DEFAULT NULL,
  `CONTACTO3_RFINAL` varchar(300) DEFAULT NULL,
  `CARGO3_RFINAL` varchar(300) DEFAULT NULL,
  `EMAIL3_RFINAL` varchar(300) DEFAULT NULL,
  `ESTADO_REGISTRO` int(11) DEFAULT NULL,
  `CIUDAD` bigint(20) NOT NULL
) ENGINE=InnoDB DEFAULT CHARSET=utf8;

--
-- Volcado de datos para la tabla `rfinal`
--

INSERT INTO `rfinal` (`ID_RFINAL`, `NOMBRE_RFINAL`, `DIRECCION_RFINAL`, `CONTACTO1_RFINAL`, `CARGO1_RFINAL`, `EMAIL1_RFINAL`, `CONTACTO2_RFINAL`, `CARGO2_RFINAL`, `EMAIL2_RFINAL`, `CONTACTO3_RFINAL`, `CARGO3_RFINAL`, `EMAIL3_RFINAL`, `ESTADO_REGISTRO`, `CIUDAD`) VALUES
(1, 'PRUEBA', '1', '1', '1', '1@1.cl', '2', '2', '2@2.cl', '3', '3', '3@3.cl', 1, 1);

-- --------------------------------------------------------

--
-- Estructura de tabla para la tabla `rmercado`
--

CREATE TABLE `rmercado` (
  `ID_RMERCADO` bigint(20) NOT NULL,
  `ESTADO_REGISTRO` int(11) DEFAULT NULL,
  `ID_MERCADO` bigint(20) NOT NULL,
  `ID_PRODUCTOR` bigint(20) NOT NULL
) ENGINE=InnoDB DEFAULT CHARSET=utf8;

-- --------------------------------------------------------

--
-- Estructura de tabla para la tabla `taindustrial`
--

CREATE TABLE `taindustrial` (
  `ID_TAINDUSTRIAL` bigint(20) NOT NULL,
  `NOMBRE_TAINDUSTRIAL` varchar(300) DEFAULT NULL,
  `NOTA_TAINDUSTRIAL` varchar(300) DEFAULT NULL,
  `ESTADO_REGISTRO` int(11) DEFAULT NULL
) ENGINE=InnoDB DEFAULT CHARSET=utf8;

--
-- Volcado de datos para la tabla `taindustrial`
--

INSERT INTO `taindustrial` (`ID_TAINDUSTRIAL`, `NOMBRE_TAINDUSTRIAL`, `NOTA_TAINDUSTRIAL`, `ESTADO_REGISTRO`) VALUES
(1, 'IQF', '', 1),
(2, 'Desecho', '', 1),
(3, 'IQF', '', 1);

-- --------------------------------------------------------

--
-- Estructura de tabla para la tabla `tcontenedor`
--

CREATE TABLE `tcontenedor` (
  `ID_TCONTENEDOR` bigint(20) NOT NULL,
  `NOMBRE_TCONTENEDOR` varchar(300) DEFAULT NULL,
  `ESTADO_REGISTRO` int(11) DEFAULT NULL
) ENGINE=InnoDB DEFAULT CHARSET=utf8;

--
-- Volcado de datos para la tabla `tcontenedor`
--

INSERT INTO `tcontenedor` (`ID_TCONTENEDOR`, `NOMBRE_TCONTENEDOR`, `ESTADO_REGISTRO`) VALUES
(1, 'PRUEBA', 1);

-- --------------------------------------------------------

--
-- Estructura de tabla para la tabla `temporada`
--

CREATE TABLE `temporada` (
  `ID_TEMPORADA` bigint(20) NOT NULL,
  `FECHA_INICIO_TEMPORADA` date DEFAULT NULL,
  `FECHA_TERMINO_TEMPORADA` date DEFAULT NULL,
  `NOMBRE_TEMPORADA` varchar(300) DEFAULT NULL,
  `ESTADO` int(11) DEFAULT NULL,
  `ESTADO_REGISTRO` int(11) DEFAULT NULL
) ENGINE=InnoDB DEFAULT CHARSET=utf8;

--
-- Volcado de datos para la tabla `temporada`
--

INSERT INTO `temporada` (`ID_TEMPORADA`, `FECHA_INICIO_TEMPORADA`, `FECHA_TERMINO_TEMPORADA`, `NOMBRE_TEMPORADA`, `ESTADO`, `ESTADO_REGISTRO`) VALUES
(1, '2020-10-10', NULL, '2020-2021', 2, 1);

-- --------------------------------------------------------

--
-- Estructura de tabla para la tabla `tflete`
--

CREATE TABLE `tflete` (
  `ID_TFLETE` bigint(20) NOT NULL,
  `NOMBRE_TFLETE` varchar(300) DEFAULT NULL,
  `ESTADO_REGISTRO` int(11) DEFAULT NULL
) ENGINE=InnoDB DEFAULT CHARSET=utf8;

--
-- Volcado de datos para la tabla `tflete`
--

INSERT INTO `tflete` (`ID_TFLETE`, `NOMBRE_TFLETE`, `ESTADO_REGISTRO`) VALUES
(1, 'prueba', 1);

-- --------------------------------------------------------

--
-- Estructura de tabla para la tabla `tmoneda`
--

CREATE TABLE `tmoneda` (
  `ID_TMONEDA` bigint(20) NOT NULL,
  `NOMBRE_TMONEDA` varchar(300) DEFAULT NULL,
  `ESTADO_REGISTRO` int(11) DEFAULT NULL
) ENGINE=InnoDB DEFAULT CHARSET=utf8;

--
-- Volcado de datos para la tabla `tmoneda`
--

INSERT INTO `tmoneda` (`ID_TMONEDA`, `NOMBRE_TMONEDA`, `ESTADO_REGISTRO`) VALUES
(1, 'PRUEBA', 1);

-- --------------------------------------------------------

--
-- Estructura de tabla para la tabla `tproceso`
--

CREATE TABLE `tproceso` (
  `ID_TPROCESO` bigint(20) NOT NULL,
  `NOMBRE_TPROCESO` varchar(100) DEFAULT NULL,
  `ESTADO_REGISTRO` varchar(45) DEFAULT NULL
) ENGINE=InnoDB DEFAULT CHARSET=utf8;

--
-- Volcado de datos para la tabla `tproceso`
--

INSERT INTO `tproceso` (`ID_TPROCESO`, `NOMBRE_TPROCESO`, `ESTADO_REGISTRO`) VALUES
(1, 'Optico', '1'),
(2, 'Convencional', '1'),
(3, 'Packing B', '1');

-- --------------------------------------------------------

--
-- Estructura de tabla para la tabla `tproductor`
--

CREATE TABLE `tproductor` (
  `ID_TPRODUCTOR` bigint(20) NOT NULL,
  `NOMBRE_TPRODUCTOR` varchar(300) DEFAULT NULL,
  `ESTADO_REGISTRO` int(11) DEFAULT NULL
) ENGINE=InnoDB DEFAULT CHARSET=utf8;

--
-- Volcado de datos para la tabla `tproductor`
--

INSERT INTO `tproductor` (`ID_TPRODUCTOR`, `NOMBRE_TPRODUCTOR`, `ESTADO_REGISTRO`) VALUES
(1, 'Socio', 1),
(2, 'Tercero', 1);

-- --------------------------------------------------------

--
-- Estructura de tabla para la tabla `transporte`
--

CREATE TABLE `transporte` (
  `ID_TRANSPORTE` bigint(20) NOT NULL,
  `RUT_TRANSPORTE` varchar(20) DEFAULT NULL,
  `NOMBRE_TRANSPORTE` varchar(300) DEFAULT NULL,
  `GIRO_TRANSPORTE` varchar(300) DEFAULT NULL,
  `RAZON_SOCIAL_TRANSPORTE` varchar(300) DEFAULT NULL,
  `DIRECCION_TRANSPORTE` varchar(300) DEFAULT NULL,
  `CONTACTO_TRANSPORTE` varchar(300) DEFAULT NULL,
  `TELEFONO_TRANSPORTE` int(11) DEFAULT NULL,
  `EMAIL_TRANSPORTE` varchar(45) DEFAULT NULL,
  `NOTA_TRANSPORTE` varchar(45) DEFAULT NULL,
  `ESTADO_REGISTRO` int(11) DEFAULT NULL,
  `CIUDAD` bigint(20) NOT NULL
) ENGINE=InnoDB DEFAULT CHARSET=utf8;

--
-- Volcado de datos para la tabla `transporte`
--

INSERT INTO `transporte` (`ID_TRANSPORTE`, `RUT_TRANSPORTE`, `NOMBRE_TRANSPORTE`, `GIRO_TRANSPORTE`, `RAZON_SOCIAL_TRANSPORTE`, `DIRECCION_TRANSPORTE`, `CONTACTO_TRANSPORTE`, `TELEFONO_TRANSPORTE`, `EMAIL_TRANSPORTE`, `NOTA_TRANSPORTE`, `ESTADO_REGISTRO`, `CIUDAD`) VALUES
(1, '11', 'Inferno Limitada', 'PP', 'PPP', 'OO', 'PRUEBA', 998866886, 'prueba@prueba.cl', '', 1, 1);

-- --------------------------------------------------------

--
-- Estructura de tabla para la tabla `trecepcion`
--

CREATE TABLE `trecepcion` (
  `ID_TRECEPCION` bigint(20) NOT NULL,
  `NOMBRE_TRECEPCION` varchar(300) DEFAULT NULL,
  `ESTADO_REGISTRO` int(11) DEFAULT NULL
) ENGINE=InnoDB DEFAULT CHARSET=utf8;

--
-- Volcado de datos para la tabla `trecepcion`
--

INSERT INTO `trecepcion` (`ID_TRECEPCION`, `NOMBRE_TRECEPCION`, `ESTADO_REGISTRO`) VALUES
(1, 'Recepcion MP', 1),
(2, 'Recepcion Industrial', 1);

-- --------------------------------------------------------

--
-- Estructura de tabla para la tabla `treembalaje`
--

CREATE TABLE `treembalaje` (
  `ID_TREEMBALAJE` bigint(20) NOT NULL,
  `NOMBRE_TREEMBALAJE` varchar(100) DEFAULT NULL,
  `ESTADO_REGISTRO` varchar(45) DEFAULT NULL
) ENGINE=InnoDB DEFAULT CHARSET=utf8;

--
-- Volcado de datos para la tabla `treembalaje`
--

INSERT INTO `treembalaje` (`ID_TREEMBALAJE`, `NOMBRE_TREEMBALAJE`, `ESTADO_REGISTRO`) VALUES
(1, 'Condicion', '1'),
(2, 'Comercial', '1');

-- --------------------------------------------------------

--
-- Estructura de tabla para la tabla `tservicio`
--

CREATE TABLE `tservicio` (
  `ID_TSERVICIO` bigint(20) NOT NULL,
  `NOMBRE_TSERVICIO` varchar(300) DEFAULT NULL,
  `ESTADO_REGISTRO` int(11) DEFAULT NULL
) ENGINE=InnoDB DEFAULT CHARSET=utf8;

--
-- Volcado de datos para la tabla `tservicio`
--

INSERT INTO `tservicio` (`ID_TSERVICIO`, `NOMBRE_TSERVICIO`, `ESTADO_REGISTRO`) VALUES
(1, 'Documentar', 1),
(2, 'Transporte', 1),
(3, 'Documentar y Transporte', 1);

-- --------------------------------------------------------

--
-- Estructura de tabla para la tabla `tusuario`
--

CREATE TABLE `tusuario` (
  `ID_TUSUARIO` bigint(20) NOT NULL,
  `NOMBRE_TUSUARIO` varchar(100) DEFAULT NULL,
  `ESTADO_REGISTRO` int(11) DEFAULT NULL
) ENGINE=InnoDB DEFAULT CHARSET=utf8;

--
-- Volcado de datos para la tabla `tusuario`
--

INSERT INTO `tusuario` (`ID_TUSUARIO`, `NOMBRE_TUSUARIO`, `ESTADO_REGISTRO`) VALUES
(1, 'ADMINISTRADOR', 1),
(2, 'RECEPCION', 1),
(3, 'PROCESO', 1),
(4, 'DESPACHO', 1);

-- --------------------------------------------------------

--
-- Estructura de tabla para la tabla `tvehiculo`
--

CREATE TABLE `tvehiculo` (
  `ID_TVEHICULO` bigint(100) NOT NULL,
  `NOMBRE_TVEHICULO` varchar(300) DEFAULT NULL,
  `ESTADO_REGISTRO` int(11) DEFAULT NULL,
  `ID_TRANSPORTE` bigint(20) NOT NULL
) ENGINE=InnoDB DEFAULT CHARSET=utf8;

--
-- Volcado de datos para la tabla `tvehiculo`
--

INSERT INTO `tvehiculo` (`ID_TVEHICULO`, `NOMBRE_TVEHICULO`, `ESTADO_REGISTRO`, `ID_TRANSPORTE`) VALUES
(1, 'AAAA11', 1, 1),
(2, 'AAAA11', 1, 1),
(3, 'AAAA12', 1, 1),
(4, 'AAAA13', 1, 1);

-- --------------------------------------------------------

--
-- Estructura de tabla para la tabla `uae`
--

CREATE TABLE `uae` (
  `ID_UAE` bigint(20) NOT NULL,
  `ESTADO` int(11) DEFAULT NULL,
  `ESTADO_REGISTRO` int(11) DEFAULT NULL,
  `NOMBRE_USUARIO` varchar(100) NOT NULL,
  `ID_EMPRESA` bigint(20) NOT NULL
) ENGINE=InnoDB DEFAULT CHARSET=utf8;

--
-- Volcado de datos para la tabla `uae`
--

INSERT INTO `uae` (`ID_UAE`, `ESTADO`, `ESTADO_REGISTRO`, `NOMBRE_USUARIO`, `ID_EMPRESA`) VALUES
(1, 1, 1, 'gtoledo', 1),
(2, 1, 1, 'eisla', 1);

-- --------------------------------------------------------

--
-- Estructura de tabla para la tabla `usuario`
--

CREATE TABLE `usuario` (
  `NOMBRE_USUARIO` varchar(100) NOT NULL,
  `RUT_USUARIO` varchar(15) DEFAULT NULL,
  `PNOMBRE_USUARIO` varchar(300) DEFAULT NULL,
  `SNOMBRE_USUARIO` varchar(300) DEFAULT NULL,
  `PAPELLIDO_USUARIO` varchar(300) DEFAULT NULL,
  `SAPELLIDO_USUARIO` varchar(300) DEFAULT NULL,
  `CONTRASENA_USUARIO` varchar(1000) DEFAULT NULL,
  `EMAIL_USUARIO` varchar(300) DEFAULT NULL,
  `TELEFONO_USUARIO` bigint(30) DEFAULT NULL,
  `ESTADO_REGISTRO` int(11) DEFAULT NULL,
  `ID_TUSUARIO` bigint(20) NOT NULL
) ENGINE=InnoDB DEFAULT CHARSET=utf8;

--
-- Volcado de datos para la tabla `usuario`
--

INSERT INTO `usuario` (`NOMBRE_USUARIO`, `RUT_USUARIO`, `PNOMBRE_USUARIO`, `SNOMBRE_USUARIO`, `PAPELLIDO_USUARIO`, `SAPELLIDO_USUARIO`, `CONTRASENA_USUARIO`, `EMAIL_USUARIO`, `TELEFONO_USUARIO`, `ESTADO_REGISTRO`, `ID_TUSUARIO`) VALUES
('eisla', '11223344-6', 'ERWIN', '-', 'ISLA', '-', '1234', 'PREUBA@PRUEBA.CL', 996686688, 1, 1),
('gtoledo', '18617223k', 'GABRIEL', 'EDUARDO', 'TOLEDO', 'MUÑOZ', '1234', 'PREUBA@PRUEBA.CL', 9966846655, 1, 1);

-- --------------------------------------------------------

--
-- Estructura de tabla para la tabla `vespecies`
--

CREATE TABLE `vespecies` (
  `ID_VESPECIES` bigint(20) NOT NULL,
  `NOMBRE_VESPECIES` varchar(300) DEFAULT NULL,
  `CODIGO_SAG_VESPECIES` varchar(300) DEFAULT NULL,
  `ESTADO_REGISTRO` int(11) DEFAULT NULL,
  `ID_ESPECIES` bigint(20) NOT NULL
) ENGINE=InnoDB DEFAULT CHARSET=utf8;

--
-- Volcado de datos para la tabla `vespecies`
--

INSERT INTO `vespecies` (`ID_VESPECIES`, `NOMBRE_VESPECIES`, `CODIGO_SAG_VESPECIES`, `ESTADO_REGISTRO`, `ID_ESPECIES`) VALUES
(1, 'AURORA', '1765', 1, 1),
(2, 'BLUERIBBON', '0', 1, 1),
(3, 'BRIGTHWELL', '202', 1, 1),
(4, 'BRIGITTA', '201', 1, 1),
(5, 'CAMELIA', '1950', 1, 1),
(6, 'CARGO', '2308', 1, 1),
(7, 'DRAPER', '207', 1, 1),
(8, 'DUKE', '208', 1, 1),
(9, 'ELLIOT', '2010', 1, 1),
(10, 'EMERALD', '211', 1, 1),
(11, 'JEWEL', '213', 1, 1),
(12, 'LAST CALL', '2309', 1, 1),
(13, 'LEGACY', '215', 1, 1),
(14, 'LIBERTY', '216', 1, 1),
(15, 'OCHLOCKONEE', '1769', 1, 1),
(16, 'POWDERBLUE', '1770', 1, 1),
(17, 'STAR', '226', 1, 1),
(18, 'TIFBLUE', '227', 1, 1),
(19, 'TOP SHELF', '2216', 1, 1);

--
-- Índices para tablas volcadas
--

--
-- Indices de la tabla `aaduana`
--
ALTER TABLE `aaduana`
  ADD PRIMARY KEY (`ID_AADUANA`),
  ADD KEY `fk_aaduana_ciudad_idx` (`CIUDAD`);

--
-- Indices de la tabla `acarga`
--
ALTER TABLE `acarga`
  ADD PRIMARY KEY (`ID_ACARGA`);

--
-- Indices de la tabla `adestino`
--
ALTER TABLE `adestino`
  ADD PRIMARY KEY (`ID_ADESTINO`);

--
-- Indices de la tabla `aerolinia`
--
ALTER TABLE `aerolinia`
  ADD PRIMARY KEY (`ID_AEROLINIA`),
  ADD KEY `fk_aerolinea_laerea_idx` (`ID_LAEREA`);

--
-- Indices de la tabla `aeronave`
--
ALTER TABLE `aeronave`
  ADD PRIMARY KEY (`ID_AERONAVE`),
  ADD KEY `fk_aeronave_laerea_idx` (`ID_LAEREA`);

--
-- Indices de la tabla `afolio`
--
ALTER TABLE `afolio`
  ADD PRIMARY KEY (`ID_AFOLIO`);

--
-- Indices de la tabla `agcarga`
--
ALTER TABLE `agcarga`
  ADD PRIMARY KEY (`ID_AGCARGA`),
  ADD KEY `fk_agcarga_ciudad_idx` (`CIUDAD`);

--
-- Indices de la tabla `atmosfera`
--
ALTER TABLE `atmosfera`
  ADD PRIMARY KEY (`ID_ATMOSFERA`);

--
-- Indices de la tabla `ausuario`
--
ALTER TABLE `ausuario`
  ADD PRIMARY KEY (`ID_AUSUARIO`),
  ADD KEY `fk_auusario_usuario_idx` (`NOMBRE_USUARIO`);

--
-- Indices de la tabla `bodega`
--
ALTER TABLE `bodega`
  ADD PRIMARY KEY (`ID_BODEGA`),
  ADD KEY `fk_ciudad_bodega_idx` (`CIUDAD`),
  ADD KEY `fk_bodega_planta1_idx` (`ID_PLANTA`);

--
-- Indices de la tabla `broker`
--
ALTER TABLE `broker`
  ADD PRIMARY KEY (`ID_BROKER`),
  ADD KEY `fk_broker_ciudad_idx` (`CIUDAD`);

--
-- Indices de la tabla `calibre`
--
ALTER TABLE `calibre`
  ADD PRIMARY KEY (`ID_CALIBRE`);

--
-- Indices de la tabla `ccalidad`
--
ALTER TABLE `ccalidad`
  ADD PRIMARY KEY (`ID_CCALIDAD`);

--
-- Indices de la tabla `ciudad`
--
ALTER TABLE `ciudad`
  ADD PRIMARY KEY (`ID_CIUDAD`),
  ADD KEY `fk_ciudad_comuna_idx` (`ID_COMUNA`);

--
-- Indices de la tabla `comuna`
--
ALTER TABLE `comuna`
  ADD PRIMARY KEY (`ID_COMUNA`),
  ADD KEY `fk_comuna_provincia1_idx` (`ID_PROVINCIA`);

--
-- Indices de la tabla `conductor`
--
ALTER TABLE `conductor`
  ADD PRIMARY KEY (`ID_CONDUCTOR`);

--
-- Indices de la tabla `consignatario`
--
ALTER TABLE `consignatario`
  ADD PRIMARY KEY (`ID_CONSIGNATARIO`),
  ADD KEY `fk_consignatario_ciudad_idx` (`CIUDAD`);

--
-- Indices de la tabla `cuartel`
--
ALTER TABLE `cuartel`
  ADD PRIMARY KEY (`ID_CUARTEL`),
  ADD KEY `fk_cuartel_vespecies_idx` (`ID_VESPECIES`);

--
-- Indices de la tabla `cventa`
--
ALTER TABLE `cventa`
  ADD PRIMARY KEY (`ID_CVENTA`);

--
-- Indices de la tabla `dfinal`
--
ALTER TABLE `dfinal`
  ADD PRIMARY KEY (`ID_DFINAL`);

--
-- Indices de la tabla `dicarga`
--
ALTER TABLE `dicarga`
  ADD PRIMARY KEY (`ID_DICARGA`),
  ADD KEY `fk_dicarga_estandar_idx` (`ID_ESTANDAR`),
  ADD KEY `fk_dicarga_vespecies_idx` (`ID_VESPECIES`),
  ADD KEY `fk_dicarga_calibre_idx` (`ID_CALIBRE`);

--
-- Indices de la tabla `dpexportacion`
--
ALTER TABLE `dpexportacion`
  ADD PRIMARY KEY (`ID_DPEXPORTACION`),
  ADD KEY `fk_dproceso_proceso_idx` (`ID_PROCESO`),
  ADD KEY `fk_dproceso_folio_idx` (`ID_FOLIO`),
  ADD KEY `fk_pvespecies_idx` (`ID_PVESPECIES`),
  ADD KEY `fk_dproceso_calibre_idx` (`ID_CALIBRE`),
  ADD KEY `fk_dpexportacion_productor_idx` (`ID_PRODUCTOR`),
  ADD KEY `fk_dpexportacion_eexportacion_idx` (`ID_ESTANDAR`);

--
-- Indices de la tabla `dpindustrial`
--
ALTER TABLE `dpindustrial`
  ADD PRIMARY KEY (`ID_DPINDUSTRIAL`),
  ADD KEY `fk_dpindustrial_folio_idx` (`ID_FOLIO`),
  ADD KEY `fk_dpindustrial_pvespecies_idx` (`ID_PVESPECIES`),
  ADD KEY `fk_dpindustrial_proceso_idx` (`ID_PROCESO`),
  ADD KEY `fk_dpindustrial_eindustrial_idx` (`ID_ESTANDAR`),
  ADD KEY `fk_dpindustrial_productor_idx` (`ID_PRODUCTOR`);

--
-- Indices de la tabla `drecepcion`
--
ALTER TABLE `drecepcion`
  ADD PRIMARY KEY (`ID_DRECEPCION`),
  ADD KEY `fk_drecepcion_folio_idx` (`ID_FOLIO`),
  ADD KEY `fk_drecepcion_erecepcion_idx` (`ID_ESTANDAR`),
  ADD KEY `fk_drecepcion_pvespecies_idx` (`ID_PVESPECIES`),
  ADD KEY `fk_drecepcion_recepcion_idx` (`ID_RECEPCION`);

--
-- Indices de la tabla `drepaletizajeex`
--
ALTER TABLE `drepaletizajeex`
  ADD PRIMARY KEY (`ID_DREPALETIZAJE`),
  ADD KEY `fk_drepaletizajeex_productor_idx` (`ID_PRODUCTOR`),
  ADD KEY `fk_drepaletizajeex_pvespecies_idx` (`ID_PVESPECIES`),
  ADD KEY `fk_drepaletizajeex_folio_idx` (`ID_FOLIO`),
  ADD KEY `fk_drepaletizajeex_repaletezaje_idx` (`ID_REPALETIZAJE`),
  ADD KEY `fk_drepaletizajeex_eexportacion_idx` (`ID_ESTANDAR`),
  ADD KEY `fk_drepaletizajeex_exiexportacion_idx` (`ID_EXIEXPORTACION`);

--
-- Indices de la tabla `drepaletizajemp`
--
ALTER TABLE `drepaletizajemp`
  ADD PRIMARY KEY (`ID_DREPALETIZAJE`),
  ADD KEY `fk_drepaletizajemp_exsmateriaprima_idx` (`ID_EXIMATERIAPRIMA`),
  ADD KEY `fk_drepaletizajemp_productor_idx` (`ID_PRODUCTOR`),
  ADD KEY `fk_drepaletizajemp_pvespecies_idx` (`ID_PVESPECIES`),
  ADD KEY `fk_drepaletizajemp_folio_idx` (`ID_FOLIO`),
  ADD KEY `fk_drepaletizajemp_repaletizaje_idx` (`ID_REPALETIZAJE`),
  ADD KEY `fk_drepaletizajemp_erecepcion_idx` (`ID_ESTANDAR`);

--
-- Indices de la tabla `drexportacion`
--
ALTER TABLE `drexportacion`
  ADD PRIMARY KEY (`ID_DREXPORTACION`),
  ADD KEY `fk_drexportacion_folio_idx` (`ID_FOLIO`),
  ADD KEY `fk_drexportacion_estandar_idx` (`ID_ESTANDAR`),
  ADD KEY `fk_drexportacion_calibre_idx` (`ID_CALIBRE`),
  ADD KEY `fk_drexportacion_pvespecies_idx` (`ID_PVESPECIES`),
  ADD KEY `fk_drexportacion_productor_idx` (`ID_PRODUCTOR`),
  ADD KEY `fk_drexportacion_reembalaje_idx` (`ID_REEMBALAJE`);

--
-- Indices de la tabla `drindustrial`
--
ALTER TABLE `drindustrial`
  ADD PRIMARY KEY (`ID_DRINDUSTRIAL`),
  ADD KEY `fk_drindustrial_folio_idx` (`ID_FOLIO`),
  ADD KEY `fk_drindustrial_pvespecies_idx` (`ID_PVESPECIES`),
  ADD KEY `fk_drindustrial_productor_idx` (`ID_PRODUCTOR`),
  ADD KEY `fk_drindustrial_reembalaje_idx` (`ID_REEMBALAJE`),
  ADD KEY `fk_drindustrial_estandar_idx` (`ID_ESTANDAR`);

--
-- Indices de la tabla `ecomercial`
--
ALTER TABLE `ecomercial`
  ADD PRIMARY KEY (`ID_ECOMERCIAL`);

--
-- Indices de la tabla `eexportacion`
--
ALTER TABLE `eexportacion`
  ADD PRIMARY KEY (`ID_ESTANDAR`),
  ADD KEY `fk_exportacion_mercado_idx` (`ID_MERCADO`),
  ADD KEY `fk_eexportacion_etiqueta_idx` (`ID_ETIQUETA`),
  ADD KEY `fk_eexportacion_embalaje_idx` (`ID_EMBALAJE`),
  ADD KEY `fk_eexportacion_ecomercial_idx` (`ID_ECOMERCIAL`),
  ADD KEY `fk_eexportacion_especies_idx` (`ID_ESPECIES`);

--
-- Indices de la tabla `eindustrial`
--
ALTER TABLE `eindustrial`
  ADD PRIMARY KEY (`ID_ESTANDAR`),
  ADD KEY `fk_eindsutrial_taindustrial_idx` (`ID_TAINDUSTRIAL`),
  ADD KEY `fk_eindustrial_especies_idx` (`ID_ESPECIES`);

--
-- Indices de la tabla `embalaje`
--
ALTER TABLE `embalaje`
  ADD PRIMARY KEY (`ID_EMBALAJE`);

--
-- Indices de la tabla `empresa`
--
ALTER TABLE `empresa`
  ADD PRIMARY KEY (`ID_EMPRESA`),
  ADD KEY `fk_empresa_ciudad1_idx` (`CIUDAD`);

--
-- Indices de la tabla `erecepcion`
--
ALTER TABLE `erecepcion`
  ADD PRIMARY KEY (`ID_ESTANDAR`),
  ADD KEY `fk_erecepcion_especies_idx` (`ID_ESPECIES`);

--
-- Indices de la tabla `especies`
--
ALTER TABLE `especies`
  ADD PRIMARY KEY (`ID_ESPECIES`);

--
-- Indices de la tabla `etiqueta`
--
ALTER TABLE `etiqueta`
  ADD PRIMARY KEY (`ID_ETIQUETA`);

--
-- Indices de la tabla `exiexportacion`
--
ALTER TABLE `exiexportacion`
  ADD PRIMARY KEY (`ID_EXIEXPORTACION`),
  ADD KEY `fk_exiexportacion_pvespecies_idx` (`ID_PVESPECIES`),
  ADD KEY `fk_exiexportacion_folio_idx` (`ID_FOLIO`),
  ADD KEY `fk_exiexportacion_proceso_idx` (`ID_PROCESO`),
  ADD KEY `fk_exiexportacion_eexportacion_idx` (`ID_ESTANDAR`),
  ADD KEY `fk_exiexportacion_productor_idx1` (`ID_PRODUCTOR`),
  ADD KEY `fk_exiexportacion_repaletizajeex_idx` (`ID_REPALETIZAJE`),
  ADD KEY `fk_exiexportacion_empresa_idx` (`ID_EMPRESA`),
  ADD KEY `fk_exiexportacion_planta_idx` (`ID_PLANTA`),
  ADD KEY `fk_exiexportacion_temporada_idx` (`ID_TEMPORADA`),
  ADD KEY `fk_exiexportacion_reembalaje_idx` (`ID_REEMBALAJE`);

--
-- Indices de la tabla `exiindustrial`
--
ALTER TABLE `exiindustrial`
  ADD PRIMARY KEY (`ID_EXIINDUSTRIAL`),
  ADD KEY `fk_eindustrial_productor_idx` (`ID_PRODUCTOR`),
  ADD KEY `fk_eindustrial_pvespecies_idx` (`ID_PVESPECIES`),
  ADD KEY `fk_eindustrial_folio_idx` (`ID_FOLIO`),
  ADD KEY `fk_eindustrial_proceso_idx` (`ID_PROCESO`),
  ADD KEY `fk_eindustrial_eindustrial_idx` (`ID_ESTANDAR`),
  ADD KEY `fk_eindustrial_empresa_idx` (`ID_EMPRESA`),
  ADD KEY `fk_eindustrial_planta_idx` (`ID_PLANTA`),
  ADD KEY `fk_eindustrial_temporada_idx` (`ID_TEMPORADA`),
  ADD KEY `fk_exiindustrial_reembalaje_idx` (`ID_REEMBALAJE`);

--
-- Indices de la tabla `eximateriaprima`
--
ALTER TABLE `eximateriaprima`
  ADD PRIMARY KEY (`ID_EXIMATERIAPRIMA`),
  ADD KEY `fk_eximateriaprima_productor_idx` (`ID_PRODUCTOR`),
  ADD KEY `fk_eximateriaprima_pvespecies_idx` (`ID_PVESPECIES`),
  ADD KEY `fk_eximateriaprima_folio_idx` (`ID_FOLIO`),
  ADD KEY `fk_eximateriaprima_recepcion_idx` (`ID_RECEPCION`),
  ADD KEY `fk_eximateriaprima_proceso_idx1` (`ID_PROCESO`),
  ADD KEY `fk_eximateriaprima_ercepcion_idx` (`ID_ESTANDAR`),
  ADD KEY `fk_eximateriaprima__idx` (`ID_REPALETIZAJE`),
  ADD KEY `fk_eximateriaprima_empresa_idx` (`ID_EMPRESA`),
  ADD KEY `fk_eximateriaprima_planta_idx` (`ID_PLANTA`),
  ADD KEY `fk_eximateriaprima_temporada_idx` (`ID_TEMPORADA`);

--
-- Indices de la tabla `exportadora`
--
ALTER TABLE `exportadora`
  ADD PRIMARY KEY (`ID_EXPORTADORA`),
  ADD KEY `fk_ciudad_exportadora_idx` (`CIUDAD`);

--
-- Indices de la tabla `folio`
--
ALTER TABLE `folio`
  ADD PRIMARY KEY (`ID_FOLIO`),
  ADD KEY `fk_folio_empresa_idx` (`ID_EMPRESA`),
  ADD KEY `fk_folio_temporada_idx` (`ID_TEMPORADA`),
  ADD KEY `fk_folio_planta_idx` (`ID_PLANTA`),
  ADD KEY `fk_folio_afolio_idx` (`ID_AFOLIO`);

--
-- Indices de la tabla `fpago`
--
ALTER TABLE `fpago`
  ADD PRIMARY KEY (`ID_FPAGO`);

--
-- Indices de la tabla `hcusuario`
--
ALTER TABLE `hcusuario`
  ADD PRIMARY KEY (`ID_HCUSUARIO`),
  ADD KEY `fk_hcusuario_usuario_idx` (`NOMBRE_USUARIO`);

--
-- Indices de la tabla `icarga`
--
ALTER TABLE `icarga`
  ADD PRIMARY KEY (`ID_ICARGA`),
  ADD KEY `fk_icarga_consignatario_idx` (`ID_CONSIGNATARIO`),
  ADD KEY `fk_icarga_notificador_idx` (`ID_NOTIFICADOR`),
  ADD KEY `fk_icarga_pdestino_idx` (`ID_PDESTINO`),
  ADD KEY `fk_icarga_adestino_idx` (`ID_ADESTINO`),
  ADD KEY `fk_icarga_ldestino_idx` (`ID_LDESTINO`),
  ADD KEY `fk_icarga_transporte_idx` (`ID_TRANSPORTE`),
  ADD KEY `fk_icarga_larea_idx` (`ID_LAREA`),
  ADD KEY `fk_icarga_vehiculo_idx` (`ID_VEHICULO`),
  ADD KEY `fk_icarga_aeronave_idx` (`ID_AERONAVE`),
  ADD KEY `fk_icarga_nave_idx` (`ID_NAVE`),
  ADD KEY `fk_icarga_exportadora_idx` (`ID_EXPPORTADORA`),
  ADD KEY `fk_icarga_aaduana_idx` (`ID_AADUANA`),
  ADD KEY `fk_icarga_agcarga_idx` (`ID_AGCARGA`),
  ADD KEY `fk_icarga_pais_idx` (`ID_PAIS`),
  ADD KEY `fk_icarga_lcarga_idx` (`ID_LCARGA`),
  ADD KEY `fk_icarga_pcarga_idx` (`ID_PCARGA`),
  ADD KEY `fk_icarga_acarga_idx` (`ID_ACARGA`),
  ADD KEY `fk_icarga_fpago_idx` (`ID_FPAGO`),
  ADD KEY `fk_icarga_mventa_idx` (`ID_MVENTA`),
  ADD KEY `fk_icarga_cventa_idx` (`ID_CVENTA`),
  ADD KEY `fk_icarga_tmoneda_idx` (`ID_TMONEDA`),
  ADD KEY `fk_icarga_atmosfera_idx` (`ID_ATMOSFERA`),
  ADD KEY `fk_icarga_tcontenedor_idx` (`ID_TCONTENEDOR`),
  ADD KEY `fk_icarga_tflete_idx` (`ID_TFLETE`),
  ADD KEY `fk_icarga_mercado_idx` (`ID_MERCADO`),
  ADD KEY `fk_icarga_rfinal_idx` (`ID_RFINAL`),
  ADD KEY `fk_icarga_empresa_idx` (`ID_EMPRESA`),
  ADD KEY `fk_icarga_planta_idx` (`ID_PLANTA`),
  ADD KEY `fk_icarga_temporada_idx` (`ID_TEMPORADA`),
  ADD KEY `fk_icarga_naviera_idx` (`ID_NAVIERA`),
  ADD KEY `fk_icarga_broker_idx` (`ID_BROKER`),
  ADD KEY `fk_icarga_tservicio_idx` (`ID_TSERVICIO`),
  ADD KEY `fk_icarga_dfinal_idx` (`ID_DFINAL`);

--
-- Indices de la tabla `laerea`
--
ALTER TABLE `laerea`
  ADD PRIMARY KEY (`ID_LAEREA`),
  ADD KEY `fk_larea_ciudad_idx` (`CIUDAD`);

--
-- Indices de la tabla `lcarga`
--
ALTER TABLE `lcarga`
  ADD PRIMARY KEY (`ID_LCARGA`);

--
-- Indices de la tabla `ldestino`
--
ALTER TABLE `ldestino`
  ADD PRIMARY KEY (`ID_LDESTINO`);

--
-- Indices de la tabla `mercado`
--
ALTER TABLE `mercado`
  ADD PRIMARY KEY (`ID_MERCADO`);

--
-- Indices de la tabla `mventa`
--
ALTER TABLE `mventa`
  ADD PRIMARY KEY (`ID_MVENTA`);

--
-- Indices de la tabla `nave`
--
ALTER TABLE `nave`
  ADD PRIMARY KEY (`ID_NAVE`),
  ADD KEY `fk_nave_naviera_idx` (`ID_NAVIERA`);

--
-- Indices de la tabla `naviera`
--
ALTER TABLE `naviera`
  ADD PRIMARY KEY (`ID_NAVIERA`),
  ADD KEY `fk_naviera_ciudad_idx` (`CIUDAD`);

--
-- Indices de la tabla `notificador`
--
ALTER TABLE `notificador`
  ADD PRIMARY KEY (`ID_NOTIFICADOR`),
  ADD KEY `fk_notificador_ciudad_idx` (`CIUDAD`);

--
-- Indices de la tabla `pae`
--
ALTER TABLE `pae`
  ADD PRIMARY KEY (`ID_PAE`),
  ADD KEY `fk_pae_productor_idx` (`ID_PRODUCTOR`),
  ADD KEY `fk_pae_empresa_idx` (`ID_EMPRESA`);

--
-- Indices de la tabla `pais`
--
ALTER TABLE `pais`
  ADD PRIMARY KEY (`ID_PAIS`);

--
-- Indices de la tabla `pcarga`
--
ALTER TABLE `pcarga`
  ADD PRIMARY KEY (`ID_PCARGA`);

--
-- Indices de la tabla `pdestino`
--
ALTER TABLE `pdestino`
  ADD PRIMARY KEY (`ID_PDESTINO`);

--
-- Indices de la tabla `planta`
--
ALTER TABLE `planta`
  ADD PRIMARY KEY (`ID_PLANTA`),
  ADD KEY `fk_planta_empresa1_idx` (`ID_EMPRESA`),
  ADD KEY `fk_ciudad_planta1_idx` (`CIUDAD`);

--
-- Indices de la tabla `proceso`
--
ALTER TABLE `proceso`
  ADD PRIMARY KEY (`ID_PROCESO`),
  ADD KEY `fk_proceso_tproceso_idx` (`ID_TPROCESO`),
  ADD KEY `fk_proceso_pvespecies_idx` (`ID_PVESPECIES`),
  ADD KEY `fk_proceso_productor_idx` (`ID_PRODUCTOR`),
  ADD KEY `fk_proceso_empresa_idx` (`ID_EMPRESA`),
  ADD KEY `fk_proceso_planta_idx` (`ID_PLANTA`),
  ADD KEY `fk_proceso_temporada_idx` (`ID_TEMPORADA`);

--
-- Indices de la tabla `productor`
--
ALTER TABLE `productor`
  ADD PRIMARY KEY (`ID_PRODUCTOR`),
  ADD KEY `fk_productor_ciudad_idx` (`CIUDAD`),
  ADD KEY `fk_productor_tproductor_idx` (`ID_TPRODUCTOR`);

--
-- Indices de la tabla `provincia`
--
ALTER TABLE `provincia`
  ADD PRIMARY KEY (`ID_PROVINCIA`),
  ADD KEY `fk_provincia_region_idx` (`ID_REGION`);

--
-- Indices de la tabla `ptusuario`
--
ALTER TABLE `ptusuario`
  ADD PRIMARY KEY (`ID_PTUSUARIO`),
  ADD KEY `fk_ptusuario_tusuario_idx` (`ID_TUSUARIO`);

--
-- Indices de la tabla `pvespecies`
--
ALTER TABLE `pvespecies`
  ADD PRIMARY KEY (`ID_PVESPECIES`),
  ADD KEY `fk_productor_pvespecies_idx` (`ID_PRODUCTOR`),
  ADD KEY `fk_productor_vespecies_idx` (`ID_VESPECIES`);

--
-- Indices de la tabla `recepcion`
--
ALTER TABLE `recepcion`
  ADD PRIMARY KEY (`ID_RECEPCION`),
  ADD KEY `fk_recepcion_productor_idx` (`ID_PRODUCTOR`),
  ADD KEY `fk_recepcion_empresa_idx` (`ID_EMPRESA`),
  ADD KEY `fk_recepcion_planta_idx` (`ID_PLANTA`),
  ADD KEY `fk_recepcion_temporada_idx` (`ID_TEMPORADA`),
  ADD KEY `fk_recepcion_transporte_idx` (`ID_TRANSPORTE`),
  ADD KEY `fk_recepcion_conductor_idx` (`ID_CONDUCTOR`),
  ADD KEY `fk_recepcion_trecepcion_idx` (`ID_TRECEPCION`);

--
-- Indices de la tabla `reembalaje`
--
ALTER TABLE `reembalaje`
  ADD PRIMARY KEY (`ID_REEMBALAJE`),
  ADD KEY `fk_reembalaje_pvespecies_idx` (`ID_PVESPECIES`),
  ADD KEY `fk_reembalaje_productor_idx` (`ID_PRODUCTOR`),
  ADD KEY `fk_reembalaje_treembalaje_idx` (`ID_TREEMBALAJE`),
  ADD KEY `fk_reembalaje_empresa_idx` (`ID_EMPRESA`),
  ADD KEY `fk_reembalaje_planta_idx` (`ID_PLANTA`),
  ADD KEY `fk_reembalaje_temporada_idx` (`ID_TEMPORADA`);

--
-- Indices de la tabla `region`
--
ALTER TABLE `region`
  ADD PRIMARY KEY (`ID_REGION`),
  ADD KEY `fk_region_pais_idx` (`ID_PAIS`);

--
-- Indices de la tabla `repaletizajeex`
--
ALTER TABLE `repaletizajeex`
  ADD PRIMARY KEY (`ID_REPALETIZAJE`),
  ADD KEY `fk_repaletizajemp_empresa_idx` (`ID_EMPRESA`),
  ADD KEY `fk_repaletizajemp_planta_idx` (`ID_PLANTA`),
  ADD KEY `fk_repaletizajemp_temporada_idx` (`ID_TEMPORADA`);

--
-- Indices de la tabla `repaletizajehfo`
--
ALTER TABLE `repaletizajehfo`
  ADD PRIMARY KEY (`ID_REPALETIZAJEHFO`),
  ADD KEY `fk_repaletizajehfo_replaetizajeex_idx` (`ID_REPALETIZAJEEX`),
  ADD KEY `fk_repaletizajehfo_exiexportacion_idx` (`ID_EXIEXPORTACION`),
  ADD KEY `fk_repaletizajehfo_replaetizajemp_idx` (`ID_REPALETIZAJEMP`),
  ADD KEY `fk_repaletizajehfo_eximateriapirma_idx` (`ID_EXIMATERIAPRIMA`);

--
-- Indices de la tabla `repaletizajemp`
--
ALTER TABLE `repaletizajemp`
  ADD PRIMARY KEY (`ID_REPALETIZAJE`),
  ADD KEY `fk_repaletizajemp_empresa_idx` (`ID_EMPRESA`),
  ADD KEY `fk_repaletizajemp_planta_idx` (`ID_PLANTA`),
  ADD KEY `fk_repaletizajemp_temporada_idx` (`ID_TEMPORADA`);

--
-- Indices de la tabla `rfinal`
--
ALTER TABLE `rfinal`
  ADD PRIMARY KEY (`ID_RFINAL`),
  ADD KEY `fk_rfinal_ciudad_idx` (`CIUDAD`);

--
-- Indices de la tabla `rmercado`
--
ALTER TABLE `rmercado`
  ADD PRIMARY KEY (`ID_RMERCADO`),
  ADD KEY `fk_rmercado_mercado_idx` (`ID_MERCADO`),
  ADD KEY `fk_rmercado_productor_idx` (`ID_PRODUCTOR`);

--
-- Indices de la tabla `taindustrial`
--
ALTER TABLE `taindustrial`
  ADD PRIMARY KEY (`ID_TAINDUSTRIAL`);

--
-- Indices de la tabla `tcontenedor`
--
ALTER TABLE `tcontenedor`
  ADD PRIMARY KEY (`ID_TCONTENEDOR`);

--
-- Indices de la tabla `temporada`
--
ALTER TABLE `temporada`
  ADD PRIMARY KEY (`ID_TEMPORADA`);

--
-- Indices de la tabla `tflete`
--
ALTER TABLE `tflete`
  ADD PRIMARY KEY (`ID_TFLETE`);

--
-- Indices de la tabla `tmoneda`
--
ALTER TABLE `tmoneda`
  ADD PRIMARY KEY (`ID_TMONEDA`);

--
-- Indices de la tabla `tproceso`
--
ALTER TABLE `tproceso`
  ADD PRIMARY KEY (`ID_TPROCESO`);

--
-- Indices de la tabla `tproductor`
--
ALTER TABLE `tproductor`
  ADD PRIMARY KEY (`ID_TPRODUCTOR`);

--
-- Indices de la tabla `transporte`
--
ALTER TABLE `transporte`
  ADD PRIMARY KEY (`ID_TRANSPORTE`),
  ADD KEY `fk_transporte_ciudad_idx` (`CIUDAD`);

--
-- Indices de la tabla `trecepcion`
--
ALTER TABLE `trecepcion`
  ADD PRIMARY KEY (`ID_TRECEPCION`);

--
-- Indices de la tabla `treembalaje`
--
ALTER TABLE `treembalaje`
  ADD PRIMARY KEY (`ID_TREEMBALAJE`);

--
-- Indices de la tabla `tservicio`
--
ALTER TABLE `tservicio`
  ADD PRIMARY KEY (`ID_TSERVICIO`);

--
-- Indices de la tabla `tusuario`
--
ALTER TABLE `tusuario`
  ADD PRIMARY KEY (`ID_TUSUARIO`);

--
-- Indices de la tabla `tvehiculo`
--
ALTER TABLE `tvehiculo`
  ADD PRIMARY KEY (`ID_TVEHICULO`),
  ADD KEY `fk_vehiculo_transporte_idx` (`ID_TRANSPORTE`);

--
-- Indices de la tabla `uae`
--
ALTER TABLE `uae`
  ADD PRIMARY KEY (`ID_UAE`),
  ADD KEY `fk_uae_empresa_idx` (`ID_EMPRESA`),
  ADD KEY `fk_uae_usuario_idx` (`NOMBRE_USUARIO`);

--
-- Indices de la tabla `usuario`
--
ALTER TABLE `usuario`
  ADD PRIMARY KEY (`NOMBRE_USUARIO`),
  ADD KEY `fk_usuario_tusuario_idx` (`ID_TUSUARIO`);

--
-- Indices de la tabla `vespecies`
--
ALTER TABLE `vespecies`
  ADD PRIMARY KEY (`ID_VESPECIES`),
  ADD KEY `fk_vespecies_especies_idx` (`ID_ESPECIES`);

--
-- AUTO_INCREMENT de las tablas volcadas
--

--
-- AUTO_INCREMENT de la tabla `aaduana`
--
ALTER TABLE `aaduana`
  MODIFY `ID_AADUANA` bigint(20) NOT NULL AUTO_INCREMENT, AUTO_INCREMENT=2;

--
-- AUTO_INCREMENT de la tabla `acarga`
--
ALTER TABLE `acarga`
  MODIFY `ID_ACARGA` bigint(20) NOT NULL AUTO_INCREMENT, AUTO_INCREMENT=2;

--
-- AUTO_INCREMENT de la tabla `adestino`
--
ALTER TABLE `adestino`
  MODIFY `ID_ADESTINO` bigint(20) NOT NULL AUTO_INCREMENT, AUTO_INCREMENT=2;

--
-- AUTO_INCREMENT de la tabla `aerolinia`
--
ALTER TABLE `aerolinia`
  MODIFY `ID_AEROLINIA` bigint(20) NOT NULL AUTO_INCREMENT, AUTO_INCREMENT=2;

--
-- AUTO_INCREMENT de la tabla `aeronave`
--
ALTER TABLE `aeronave`
  MODIFY `ID_AERONAVE` bigint(20) NOT NULL AUTO_INCREMENT, AUTO_INCREMENT=2;

--
-- AUTO_INCREMENT de la tabla `afolio`
--
ALTER TABLE `afolio`
  MODIFY `ID_AFOLIO` bigint(20) NOT NULL AUTO_INCREMENT, AUTO_INCREMENT=2;

--
-- AUTO_INCREMENT de la tabla `agcarga`
--
ALTER TABLE `agcarga`
  MODIFY `ID_AGCARGA` bigint(20) NOT NULL AUTO_INCREMENT, AUTO_INCREMENT=2;

--
-- AUTO_INCREMENT de la tabla `atmosfera`
--
ALTER TABLE `atmosfera`
  MODIFY `ID_ATMOSFERA` bigint(20) NOT NULL AUTO_INCREMENT, AUTO_INCREMENT=2;

--
-- AUTO_INCREMENT de la tabla `ausuario`
--
ALTER TABLE `ausuario`
  MODIFY `ID_AUSUARIO` bigint(20) NOT NULL AUTO_INCREMENT;

--
-- AUTO_INCREMENT de la tabla `bodega`
--
ALTER TABLE `bodega`
  MODIFY `ID_BODEGA` bigint(20) NOT NULL AUTO_INCREMENT, AUTO_INCREMENT=2;

--
-- AUTO_INCREMENT de la tabla `broker`
--
ALTER TABLE `broker`
  MODIFY `ID_BROKER` bigint(20) NOT NULL AUTO_INCREMENT, AUTO_INCREMENT=2;

--
-- AUTO_INCREMENT de la tabla `calibre`
--
ALTER TABLE `calibre`
  MODIFY `ID_CALIBRE` bigint(20) NOT NULL AUTO_INCREMENT, AUTO_INCREMENT=4;

--
-- AUTO_INCREMENT de la tabla `ccalidad`
--
ALTER TABLE `ccalidad`
  MODIFY `ID_CCALIDAD` bigint(20) NOT NULL AUTO_INCREMENT, AUTO_INCREMENT=2;

--
-- AUTO_INCREMENT de la tabla `ciudad`
--
ALTER TABLE `ciudad`
  MODIFY `ID_CIUDAD` bigint(20) NOT NULL AUTO_INCREMENT, AUTO_INCREMENT=2;

--
-- AUTO_INCREMENT de la tabla `comuna`
--
ALTER TABLE `comuna`
  MODIFY `ID_COMUNA` bigint(20) NOT NULL AUTO_INCREMENT, AUTO_INCREMENT=349;

--
-- AUTO_INCREMENT de la tabla `conductor`
--
ALTER TABLE `conductor`
  MODIFY `ID_CONDUCTOR` bigint(20) NOT NULL AUTO_INCREMENT, AUTO_INCREMENT=2;

--
-- AUTO_INCREMENT de la tabla `consignatario`
--
ALTER TABLE `consignatario`
  MODIFY `ID_CONSIGNATARIO` bigint(20) NOT NULL AUTO_INCREMENT, AUTO_INCREMENT=2;

--
-- AUTO_INCREMENT de la tabla `cuartel`
--
ALTER TABLE `cuartel`
  MODIFY `ID_CUARTEL` bigint(20) NOT NULL AUTO_INCREMENT, AUTO_INCREMENT=2;

--
-- AUTO_INCREMENT de la tabla `cventa`
--
ALTER TABLE `cventa`
  MODIFY `ID_CVENTA` bigint(20) NOT NULL AUTO_INCREMENT, AUTO_INCREMENT=3;

--
-- AUTO_INCREMENT de la tabla `dfinal`
--
ALTER TABLE `dfinal`
  MODIFY `ID_DFINAL` bigint(20) NOT NULL AUTO_INCREMENT, AUTO_INCREMENT=2;

--
-- AUTO_INCREMENT de la tabla `dicarga`
--
ALTER TABLE `dicarga`
  MODIFY `ID_DICARGA` bigint(20) NOT NULL AUTO_INCREMENT;

--
-- AUTO_INCREMENT de la tabla `dpexportacion`
--
ALTER TABLE `dpexportacion`
  MODIFY `ID_DPEXPORTACION` bigint(20) NOT NULL AUTO_INCREMENT, AUTO_INCREMENT=6;

--
-- AUTO_INCREMENT de la tabla `dpindustrial`
--
ALTER TABLE `dpindustrial`
  MODIFY `ID_DPINDUSTRIAL` bigint(20) NOT NULL AUTO_INCREMENT, AUTO_INCREMENT=8;

--
-- AUTO_INCREMENT de la tabla `drecepcion`
--
ALTER TABLE `drecepcion`
  MODIFY `ID_DRECEPCION` bigint(20) NOT NULL AUTO_INCREMENT, AUTO_INCREMENT=16;

--
-- AUTO_INCREMENT de la tabla `drepaletizajeex`
--
ALTER TABLE `drepaletizajeex`
  MODIFY `ID_DREPALETIZAJE` bigint(20) NOT NULL AUTO_INCREMENT;

--
-- AUTO_INCREMENT de la tabla `drepaletizajemp`
--
ALTER TABLE `drepaletizajemp`
  MODIFY `ID_DREPALETIZAJE` bigint(20) NOT NULL AUTO_INCREMENT;

--
-- AUTO_INCREMENT de la tabla `drexportacion`
--
ALTER TABLE `drexportacion`
  MODIFY `ID_DREXPORTACION` bigint(20) NOT NULL AUTO_INCREMENT, AUTO_INCREMENT=4;

--
-- AUTO_INCREMENT de la tabla `drindustrial`
--
ALTER TABLE `drindustrial`
  MODIFY `ID_DRINDUSTRIAL` bigint(20) NOT NULL AUTO_INCREMENT, AUTO_INCREMENT=2;

--
-- AUTO_INCREMENT de la tabla `ecomercial`
--
ALTER TABLE `ecomercial`
  MODIFY `ID_ECOMERCIAL` bigint(20) NOT NULL AUTO_INCREMENT, AUTO_INCREMENT=2;

--
-- AUTO_INCREMENT de la tabla `eexportacion`
--
ALTER TABLE `eexportacion`
  MODIFY `ID_ESTANDAR` bigint(20) NOT NULL AUTO_INCREMENT, AUTO_INCREMENT=3;

--
-- AUTO_INCREMENT de la tabla `eindustrial`
--
ALTER TABLE `eindustrial`
  MODIFY `ID_ESTANDAR` bigint(20) NOT NULL AUTO_INCREMENT, AUTO_INCREMENT=4;

--
-- AUTO_INCREMENT de la tabla `embalaje`
--
ALTER TABLE `embalaje`
  MODIFY `ID_EMBALAJE` bigint(20) NOT NULL AUTO_INCREMENT, AUTO_INCREMENT=4;

--
-- AUTO_INCREMENT de la tabla `empresa`
--
ALTER TABLE `empresa`
  MODIFY `ID_EMPRESA` bigint(20) NOT NULL AUTO_INCREMENT, AUTO_INCREMENT=3;

--
-- AUTO_INCREMENT de la tabla `erecepcion`
--
ALTER TABLE `erecepcion`
  MODIFY `ID_ESTANDAR` bigint(20) NOT NULL AUTO_INCREMENT, AUTO_INCREMENT=2;

--
-- AUTO_INCREMENT de la tabla `especies`
--
ALTER TABLE `especies`
  MODIFY `ID_ESPECIES` bigint(20) NOT NULL AUTO_INCREMENT, AUTO_INCREMENT=2;

--
-- AUTO_INCREMENT de la tabla `etiqueta`
--
ALTER TABLE `etiqueta`
  MODIFY `ID_ETIQUETA` bigint(20) NOT NULL AUTO_INCREMENT, AUTO_INCREMENT=2;

--
-- AUTO_INCREMENT de la tabla `exiexportacion`
--
ALTER TABLE `exiexportacion`
  MODIFY `ID_EXIEXPORTACION` bigint(20) NOT NULL AUTO_INCREMENT, AUTO_INCREMENT=9;

--
-- AUTO_INCREMENT de la tabla `exiindustrial`
--
ALTER TABLE `exiindustrial`
  MODIFY `ID_EXIINDUSTRIAL` bigint(20) NOT NULL AUTO_INCREMENT, AUTO_INCREMENT=8;

--
-- AUTO_INCREMENT de la tabla `eximateriaprima`
--
ALTER TABLE `eximateriaprima`
  MODIFY `ID_EXIMATERIAPRIMA` bigint(20) NOT NULL AUTO_INCREMENT, AUTO_INCREMENT=16;

--
-- AUTO_INCREMENT de la tabla `exportadora`
--
ALTER TABLE `exportadora`
  MODIFY `ID_EXPORTADORA` bigint(20) NOT NULL AUTO_INCREMENT, AUTO_INCREMENT=2;

--
-- AUTO_INCREMENT de la tabla `folio`
--
ALTER TABLE `folio`
  MODIFY `ID_FOLIO` bigint(20) NOT NULL AUTO_INCREMENT, AUTO_INCREMENT=4;

--
-- AUTO_INCREMENT de la tabla `fpago`
--
ALTER TABLE `fpago`
  MODIFY `ID_FPAGO` bigint(20) NOT NULL AUTO_INCREMENT, AUTO_INCREMENT=2;

--
-- AUTO_INCREMENT de la tabla `hcusuario`
--
ALTER TABLE `hcusuario`
  MODIFY `ID_HCUSUARIO` bigint(20) NOT NULL AUTO_INCREMENT;

--
-- AUTO_INCREMENT de la tabla `icarga`
--
ALTER TABLE `icarga`
  MODIFY `ID_ICARGA` bigint(20) NOT NULL AUTO_INCREMENT;

--
-- AUTO_INCREMENT de la tabla `laerea`
--
ALTER TABLE `laerea`
  MODIFY `ID_LAEREA` bigint(20) NOT NULL AUTO_INCREMENT, AUTO_INCREMENT=2;

--
-- AUTO_INCREMENT de la tabla `lcarga`
--
ALTER TABLE `lcarga`
  MODIFY `ID_LCARGA` bigint(20) NOT NULL AUTO_INCREMENT, AUTO_INCREMENT=2;

--
-- AUTO_INCREMENT de la tabla `ldestino`
--
ALTER TABLE `ldestino`
  MODIFY `ID_LDESTINO` bigint(20) NOT NULL AUTO_INCREMENT, AUTO_INCREMENT=2;

--
-- AUTO_INCREMENT de la tabla `mercado`
--
ALTER TABLE `mercado`
  MODIFY `ID_MERCADO` bigint(20) NOT NULL AUTO_INCREMENT, AUTO_INCREMENT=4;

--
-- AUTO_INCREMENT de la tabla `mventa`
--
ALTER TABLE `mventa`
  MODIFY `ID_MVENTA` bigint(20) NOT NULL AUTO_INCREMENT, AUTO_INCREMENT=2;

--
-- AUTO_INCREMENT de la tabla `nave`
--
ALTER TABLE `nave`
  MODIFY `ID_NAVE` bigint(20) NOT NULL AUTO_INCREMENT, AUTO_INCREMENT=2;

--
-- AUTO_INCREMENT de la tabla `naviera`
--
ALTER TABLE `naviera`
  MODIFY `ID_NAVIERA` bigint(20) NOT NULL AUTO_INCREMENT, AUTO_INCREMENT=2;

--
-- AUTO_INCREMENT de la tabla `notificador`
--
ALTER TABLE `notificador`
  MODIFY `ID_NOTIFICADOR` bigint(20) NOT NULL AUTO_INCREMENT, AUTO_INCREMENT=3;

--
-- AUTO_INCREMENT de la tabla `pae`
--
ALTER TABLE `pae`
  MODIFY `ID_PAE` bigint(20) NOT NULL AUTO_INCREMENT;

--
-- AUTO_INCREMENT de la tabla `pais`
--
ALTER TABLE `pais`
  MODIFY `ID_PAIS` bigint(20) NOT NULL AUTO_INCREMENT, AUTO_INCREMENT=224;

--
-- AUTO_INCREMENT de la tabla `pcarga`
--
ALTER TABLE `pcarga`
  MODIFY `ID_PCARGA` bigint(20) NOT NULL AUTO_INCREMENT, AUTO_INCREMENT=2;

--
-- AUTO_INCREMENT de la tabla `pdestino`
--
ALTER TABLE `pdestino`
  MODIFY `ID_PDESTINO` bigint(20) NOT NULL AUTO_INCREMENT, AUTO_INCREMENT=2;

--
-- AUTO_INCREMENT de la tabla `planta`
--
ALTER TABLE `planta`
  MODIFY `ID_PLANTA` bigint(20) NOT NULL AUTO_INCREMENT, AUTO_INCREMENT=2;

--
-- AUTO_INCREMENT de la tabla `proceso`
--
ALTER TABLE `proceso`
  MODIFY `ID_PROCESO` bigint(20) NOT NULL AUTO_INCREMENT, AUTO_INCREMENT=3;

--
-- AUTO_INCREMENT de la tabla `productor`
--
ALTER TABLE `productor`
  MODIFY `ID_PRODUCTOR` bigint(20) NOT NULL AUTO_INCREMENT, AUTO_INCREMENT=3;

--
-- AUTO_INCREMENT de la tabla `provincia`
--
ALTER TABLE `provincia`
  MODIFY `ID_PROVINCIA` bigint(20) NOT NULL AUTO_INCREMENT, AUTO_INCREMENT=58;

--
-- AUTO_INCREMENT de la tabla `ptusuario`
--
ALTER TABLE `ptusuario`
  MODIFY `ID_PTUSUARIO` bigint(20) NOT NULL AUTO_INCREMENT;

--
-- AUTO_INCREMENT de la tabla `pvespecies`
--
ALTER TABLE `pvespecies`
  MODIFY `ID_PVESPECIES` bigint(20) NOT NULL AUTO_INCREMENT, AUTO_INCREMENT=4;

--
-- AUTO_INCREMENT de la tabla `recepcion`
--
ALTER TABLE `recepcion`
  MODIFY `ID_RECEPCION` bigint(20) NOT NULL AUTO_INCREMENT, AUTO_INCREMENT=5;

--
-- AUTO_INCREMENT de la tabla `reembalaje`
--
ALTER TABLE `reembalaje`
  MODIFY `ID_REEMBALAJE` bigint(20) NOT NULL AUTO_INCREMENT, AUTO_INCREMENT=3;

--
-- AUTO_INCREMENT de la tabla `region`
--
ALTER TABLE `region`
  MODIFY `ID_REGION` bigint(20) NOT NULL AUTO_INCREMENT, AUTO_INCREMENT=17;

--
-- AUTO_INCREMENT de la tabla `repaletizajeex`
--
ALTER TABLE `repaletizajeex`
  MODIFY `ID_REPALETIZAJE` bigint(20) NOT NULL AUTO_INCREMENT;

--
-- AUTO_INCREMENT de la tabla `repaletizajehfo`
--
ALTER TABLE `repaletizajehfo`
  MODIFY `ID_REPALETIZAJEHFO` bigint(20) NOT NULL AUTO_INCREMENT;

--
-- AUTO_INCREMENT de la tabla `repaletizajemp`
--
ALTER TABLE `repaletizajemp`
  MODIFY `ID_REPALETIZAJE` bigint(20) NOT NULL AUTO_INCREMENT;

--
-- AUTO_INCREMENT de la tabla `rfinal`
--
ALTER TABLE `rfinal`
  MODIFY `ID_RFINAL` bigint(20) NOT NULL AUTO_INCREMENT, AUTO_INCREMENT=2;

--
-- AUTO_INCREMENT de la tabla `rmercado`
--
ALTER TABLE `rmercado`
  MODIFY `ID_RMERCADO` bigint(20) NOT NULL AUTO_INCREMENT;

--
-- AUTO_INCREMENT de la tabla `taindustrial`
--
ALTER TABLE `taindustrial`
  MODIFY `ID_TAINDUSTRIAL` bigint(20) NOT NULL AUTO_INCREMENT, AUTO_INCREMENT=4;

--
-- AUTO_INCREMENT de la tabla `tcontenedor`
--
ALTER TABLE `tcontenedor`
  MODIFY `ID_TCONTENEDOR` bigint(20) NOT NULL AUTO_INCREMENT, AUTO_INCREMENT=2;

--
-- AUTO_INCREMENT de la tabla `temporada`
--
ALTER TABLE `temporada`
  MODIFY `ID_TEMPORADA` bigint(20) NOT NULL AUTO_INCREMENT, AUTO_INCREMENT=2;

--
-- AUTO_INCREMENT de la tabla `tflete`
--
ALTER TABLE `tflete`
  MODIFY `ID_TFLETE` bigint(20) NOT NULL AUTO_INCREMENT, AUTO_INCREMENT=2;

--
-- AUTO_INCREMENT de la tabla `tmoneda`
--
ALTER TABLE `tmoneda`
  MODIFY `ID_TMONEDA` bigint(20) NOT NULL AUTO_INCREMENT, AUTO_INCREMENT=2;

--
-- AUTO_INCREMENT de la tabla `tproceso`
--
ALTER TABLE `tproceso`
  MODIFY `ID_TPROCESO` bigint(20) NOT NULL AUTO_INCREMENT, AUTO_INCREMENT=4;

--
-- AUTO_INCREMENT de la tabla `tproductor`
--
ALTER TABLE `tproductor`
  MODIFY `ID_TPRODUCTOR` bigint(20) NOT NULL AUTO_INCREMENT, AUTO_INCREMENT=3;

--
-- AUTO_INCREMENT de la tabla `transporte`
--
ALTER TABLE `transporte`
  MODIFY `ID_TRANSPORTE` bigint(20) NOT NULL AUTO_INCREMENT, AUTO_INCREMENT=2;

--
-- AUTO_INCREMENT de la tabla `trecepcion`
--
ALTER TABLE `trecepcion`
  MODIFY `ID_TRECEPCION` bigint(20) NOT NULL AUTO_INCREMENT, AUTO_INCREMENT=3;

--
-- AUTO_INCREMENT de la tabla `treembalaje`
--
ALTER TABLE `treembalaje`
  MODIFY `ID_TREEMBALAJE` bigint(20) NOT NULL AUTO_INCREMENT, AUTO_INCREMENT=3;

--
-- AUTO_INCREMENT de la tabla `tservicio`
--
ALTER TABLE `tservicio`
  MODIFY `ID_TSERVICIO` bigint(20) NOT NULL AUTO_INCREMENT, AUTO_INCREMENT=4;

--
-- AUTO_INCREMENT de la tabla `tusuario`
--
ALTER TABLE `tusuario`
  MODIFY `ID_TUSUARIO` bigint(20) NOT NULL AUTO_INCREMENT, AUTO_INCREMENT=5;

--
-- AUTO_INCREMENT de la tabla `tvehiculo`
--
ALTER TABLE `tvehiculo`
  MODIFY `ID_TVEHICULO` bigint(100) NOT NULL AUTO_INCREMENT, AUTO_INCREMENT=5;

--
-- AUTO_INCREMENT de la tabla `uae`
--
ALTER TABLE `uae`
  MODIFY `ID_UAE` bigint(20) NOT NULL AUTO_INCREMENT, AUTO_INCREMENT=3;

--
-- AUTO_INCREMENT de la tabla `vespecies`
--
ALTER TABLE `vespecies`
  MODIFY `ID_VESPECIES` bigint(20) NOT NULL AUTO_INCREMENT, AUTO_INCREMENT=20;

--
-- Restricciones para tablas volcadas
--

--
-- Filtros para la tabla `aaduana`
--
ALTER TABLE `aaduana`
  ADD CONSTRAINT `fk_aaduana_ciudad` FOREIGN KEY (`CIUDAD`) REFERENCES `ciudad` (`ID_CIUDAD`) ON DELETE NO ACTION ON UPDATE CASCADE;

--
-- Filtros para la tabla `aerolinia`
--
ALTER TABLE `aerolinia`
  ADD CONSTRAINT `fk_aerolinia_laerea` FOREIGN KEY (`ID_LAEREA`) REFERENCES `laerea` (`ID_LAEREA`) ON DELETE NO ACTION ON UPDATE CASCADE;

--
-- Filtros para la tabla `agcarga`
--
ALTER TABLE `agcarga`
  ADD CONSTRAINT `fk_agcarga_ciudad` FOREIGN KEY (`CIUDAD`) REFERENCES `ciudad` (`ID_CIUDAD`) ON DELETE NO ACTION ON UPDATE CASCADE;

--
-- Filtros para la tabla `ausuario`
--
ALTER TABLE `ausuario`
  ADD CONSTRAINT `fk_auusario_usuario` FOREIGN KEY (`NOMBRE_USUARIO`) REFERENCES `usuario` (`NOMBRE_USUARIO`) ON DELETE NO ACTION ON UPDATE CASCADE;

--
-- Filtros para la tabla `bodega`
--
ALTER TABLE `bodega`
  ADD CONSTRAINT `fk_ciudad_bodega` FOREIGN KEY (`CIUDAD`) REFERENCES `ciudad` (`ID_CIUDAD`) ON DELETE NO ACTION ON UPDATE NO ACTION,
  ADD CONSTRAINT `fk_planta_bodega` FOREIGN KEY (`ID_PLANTA`) REFERENCES `planta` (`ID_PLANTA`) ON DELETE NO ACTION ON UPDATE CASCADE;

--
-- Filtros para la tabla `broker`
--
ALTER TABLE `broker`
  ADD CONSTRAINT `fk_broker_ciudad` FOREIGN KEY (`CIUDAD`) REFERENCES `ciudad` (`ID_CIUDAD`) ON DELETE NO ACTION ON UPDATE CASCADE;

--
-- Filtros para la tabla `ciudad`
--
ALTER TABLE `ciudad`
  ADD CONSTRAINT `fk_ciudad_comuna` FOREIGN KEY (`ID_COMUNA`) REFERENCES `comuna` (`ID_COMUNA`) ON DELETE NO ACTION ON UPDATE CASCADE;

--
-- Filtros para la tabla `comuna`
--
ALTER TABLE `comuna`
  ADD CONSTRAINT `fk_comuna_provincia` FOREIGN KEY (`ID_PROVINCIA`) REFERENCES `provincia` (`ID_PROVINCIA`) ON DELETE NO ACTION ON UPDATE CASCADE;

--
-- Filtros para la tabla `consignatario`
--
ALTER TABLE `consignatario`
  ADD CONSTRAINT `fk_consignatario_ciudad` FOREIGN KEY (`CIUDAD`) REFERENCES `ciudad` (`ID_CIUDAD`) ON DELETE NO ACTION ON UPDATE CASCADE;

--
-- Filtros para la tabla `cuartel`
--
ALTER TABLE `cuartel`
  ADD CONSTRAINT `fk_cuartel_vespecies` FOREIGN KEY (`ID_VESPECIES`) REFERENCES `vespecies` (`ID_VESPECIES`) ON DELETE NO ACTION ON UPDATE NO ACTION;

--
-- Filtros para la tabla `dicarga`
--
ALTER TABLE `dicarga`
  ADD CONSTRAINT `fk_dicarga_calibre` FOREIGN KEY (`ID_CALIBRE`) REFERENCES `calibre` (`ID_CALIBRE`) ON DELETE NO ACTION ON UPDATE CASCADE,
  ADD CONSTRAINT `fk_dicarga_estandar` FOREIGN KEY (`ID_ESTANDAR`) REFERENCES `eexportacion` (`ID_ESTANDAR`) ON DELETE NO ACTION ON UPDATE CASCADE,
  ADD CONSTRAINT `fk_dicarga_vespecies` FOREIGN KEY (`ID_VESPECIES`) REFERENCES `vespecies` (`ID_VESPECIES`) ON DELETE NO ACTION ON UPDATE CASCADE;

--
-- Filtros para la tabla `dpexportacion`
--
ALTER TABLE `dpexportacion`
  ADD CONSTRAINT `fk_dpexportacion_calibre` FOREIGN KEY (`ID_CALIBRE`) REFERENCES `calibre` (`ID_CALIBRE`) ON DELETE NO ACTION ON UPDATE CASCADE,
  ADD CONSTRAINT `fk_dpexportacion_eexportacion` FOREIGN KEY (`ID_ESTANDAR`) REFERENCES `eexportacion` (`ID_ESTANDAR`) ON DELETE NO ACTION ON UPDATE CASCADE,
  ADD CONSTRAINT `fk_dpexportacion_folio` FOREIGN KEY (`ID_FOLIO`) REFERENCES `folio` (`ID_FOLIO`) ON DELETE NO ACTION ON UPDATE CASCADE,
  ADD CONSTRAINT `fk_dpexportacion_proceso` FOREIGN KEY (`ID_PROCESO`) REFERENCES `proceso` (`ID_PROCESO`) ON DELETE NO ACTION ON UPDATE CASCADE,
  ADD CONSTRAINT `fk_dpexportacion_productor` FOREIGN KEY (`ID_PRODUCTOR`) REFERENCES `productor` (`ID_PRODUCTOR`) ON DELETE NO ACTION ON UPDATE CASCADE,
  ADD CONSTRAINT `fk_dpexportacion_pvespecies` FOREIGN KEY (`ID_PVESPECIES`) REFERENCES `pvespecies` (`ID_PVESPECIES`) ON DELETE NO ACTION ON UPDATE CASCADE;

--
-- Filtros para la tabla `dpindustrial`
--
ALTER TABLE `dpindustrial`
  ADD CONSTRAINT `fk_dpindustrial_eindustrial` FOREIGN KEY (`ID_ESTANDAR`) REFERENCES `eindustrial` (`ID_ESTANDAR`) ON DELETE NO ACTION ON UPDATE CASCADE,
  ADD CONSTRAINT `fk_dpindustrial_folio` FOREIGN KEY (`ID_FOLIO`) REFERENCES `folio` (`ID_FOLIO`) ON DELETE NO ACTION ON UPDATE CASCADE,
  ADD CONSTRAINT `fk_dpindustrial_proceso` FOREIGN KEY (`ID_PROCESO`) REFERENCES `proceso` (`ID_PROCESO`) ON DELETE NO ACTION ON UPDATE CASCADE,
  ADD CONSTRAINT `fk_dpindustrial_productor` FOREIGN KEY (`ID_PRODUCTOR`) REFERENCES `productor` (`ID_PRODUCTOR`) ON DELETE NO ACTION ON UPDATE CASCADE,
  ADD CONSTRAINT `fk_dpindustrial_pvespecies` FOREIGN KEY (`ID_PVESPECIES`) REFERENCES `pvespecies` (`ID_PVESPECIES`) ON DELETE NO ACTION ON UPDATE CASCADE;

--
-- Filtros para la tabla `drecepcion`
--
ALTER TABLE `drecepcion`
  ADD CONSTRAINT `fk_drecepcion_erecepcion` FOREIGN KEY (`ID_ESTANDAR`) REFERENCES `erecepcion` (`ID_ESTANDAR`) ON DELETE NO ACTION ON UPDATE CASCADE,
  ADD CONSTRAINT `fk_drecepcion_folio` FOREIGN KEY (`ID_FOLIO`) REFERENCES `folio` (`ID_FOLIO`) ON DELETE NO ACTION ON UPDATE CASCADE,
  ADD CONSTRAINT `fk_drecepcion_pvespecies` FOREIGN KEY (`ID_PVESPECIES`) REFERENCES `pvespecies` (`ID_PVESPECIES`) ON DELETE NO ACTION ON UPDATE CASCADE,
  ADD CONSTRAINT `fk_drecepcion_recepcion` FOREIGN KEY (`ID_RECEPCION`) REFERENCES `recepcion` (`ID_RECEPCION`) ON DELETE NO ACTION ON UPDATE NO ACTION;

--
-- Filtros para la tabla `drepaletizajeex`
--
ALTER TABLE `drepaletizajeex`
  ADD CONSTRAINT `fk_drepaletizajeex_eexportacion` FOREIGN KEY (`ID_ESTANDAR`) REFERENCES `eexportacion` (`ID_ESTANDAR`) ON DELETE NO ACTION ON UPDATE CASCADE,
  ADD CONSTRAINT `fk_drepaletizajeex_exiexportacion` FOREIGN KEY (`ID_EXIEXPORTACION`) REFERENCES `exiexportacion` (`ID_EXIEXPORTACION`) ON DELETE NO ACTION ON UPDATE CASCADE,
  ADD CONSTRAINT `fk_drepaletizajeex_folio` FOREIGN KEY (`ID_FOLIO`) REFERENCES `folio` (`ID_FOLIO`) ON DELETE NO ACTION ON UPDATE CASCADE,
  ADD CONSTRAINT `fk_drepaletizajeex_productor` FOREIGN KEY (`ID_PRODUCTOR`) REFERENCES `productor` (`ID_PRODUCTOR`) ON DELETE NO ACTION ON UPDATE CASCADE,
  ADD CONSTRAINT `fk_drepaletizajeex_pvespecies` FOREIGN KEY (`ID_PVESPECIES`) REFERENCES `pvespecies` (`ID_PVESPECIES`) ON DELETE NO ACTION ON UPDATE CASCADE,
  ADD CONSTRAINT `fk_drepaletizajeex_repaletezaje` FOREIGN KEY (`ID_REPALETIZAJE`) REFERENCES `repaletizajeex` (`ID_REPALETIZAJE`) ON DELETE NO ACTION ON UPDATE CASCADE;

--
-- Filtros para la tabla `drepaletizajemp`
--
ALTER TABLE `drepaletizajemp`
  ADD CONSTRAINT `fk_drepaletizajemp_erecepcion` FOREIGN KEY (`ID_ESTANDAR`) REFERENCES `erecepcion` (`ID_ESTANDAR`) ON DELETE NO ACTION ON UPDATE CASCADE,
  ADD CONSTRAINT `fk_drepaletizajemp_eximateriaprima` FOREIGN KEY (`ID_EXIMATERIAPRIMA`) REFERENCES `eximateriaprima` (`ID_EXIMATERIAPRIMA`) ON DELETE NO ACTION ON UPDATE CASCADE,
  ADD CONSTRAINT `fk_drepaletizajemp_folio` FOREIGN KEY (`ID_FOLIO`) REFERENCES `folio` (`ID_FOLIO`) ON DELETE NO ACTION ON UPDATE CASCADE,
  ADD CONSTRAINT `fk_drepaletizajemp_productor` FOREIGN KEY (`ID_PRODUCTOR`) REFERENCES `productor` (`ID_PRODUCTOR`) ON DELETE NO ACTION ON UPDATE CASCADE,
  ADD CONSTRAINT `fk_drepaletizajemp_pvespecies` FOREIGN KEY (`ID_PVESPECIES`) REFERENCES `pvespecies` (`ID_PVESPECIES`) ON DELETE NO ACTION ON UPDATE CASCADE,
  ADD CONSTRAINT `fk_drepaletizajemp_repaletizaje` FOREIGN KEY (`ID_REPALETIZAJE`) REFERENCES `repaletizajemp` (`ID_REPALETIZAJE`) ON DELETE NO ACTION ON UPDATE CASCADE;

--
-- Filtros para la tabla `drexportacion`
--
ALTER TABLE `drexportacion`
  ADD CONSTRAINT `fk_drexportacion_calibre` FOREIGN KEY (`ID_CALIBRE`) REFERENCES `calibre` (`ID_CALIBRE`) ON DELETE NO ACTION ON UPDATE CASCADE,
  ADD CONSTRAINT `fk_drexportacion_estandar` FOREIGN KEY (`ID_ESTANDAR`) REFERENCES `eexportacion` (`ID_ESTANDAR`) ON DELETE NO ACTION ON UPDATE CASCADE,
  ADD CONSTRAINT `fk_drexportacion_folio` FOREIGN KEY (`ID_FOLIO`) REFERENCES `folio` (`ID_FOLIO`) ON DELETE NO ACTION ON UPDATE CASCADE,
  ADD CONSTRAINT `fk_drexportacion_productor` FOREIGN KEY (`ID_PRODUCTOR`) REFERENCES `productor` (`ID_PRODUCTOR`) ON DELETE NO ACTION ON UPDATE CASCADE,
  ADD CONSTRAINT `fk_drexportacion_pvespecies` FOREIGN KEY (`ID_PVESPECIES`) REFERENCES `pvespecies` (`ID_PVESPECIES`) ON DELETE NO ACTION ON UPDATE CASCADE,
  ADD CONSTRAINT `fk_drexportacion_reembalaje` FOREIGN KEY (`ID_REEMBALAJE`) REFERENCES `reembalaje` (`ID_REEMBALAJE`) ON DELETE NO ACTION ON UPDATE CASCADE;

--
-- Filtros para la tabla `drindustrial`
--
ALTER TABLE `drindustrial`
  ADD CONSTRAINT `fk_drindustrial_estandar` FOREIGN KEY (`ID_ESTANDAR`) REFERENCES `eindustrial` (`ID_ESTANDAR`) ON DELETE NO ACTION ON UPDATE CASCADE,
  ADD CONSTRAINT `fk_drindustrial_folio` FOREIGN KEY (`ID_FOLIO`) REFERENCES `folio` (`ID_FOLIO`) ON DELETE NO ACTION ON UPDATE CASCADE,
  ADD CONSTRAINT `fk_drindustrial_productor` FOREIGN KEY (`ID_PRODUCTOR`) REFERENCES `productor` (`ID_PRODUCTOR`) ON DELETE NO ACTION ON UPDATE CASCADE,
  ADD CONSTRAINT `fk_drindustrial_pvespecies` FOREIGN KEY (`ID_PVESPECIES`) REFERENCES `pvespecies` (`ID_PVESPECIES`) ON DELETE NO ACTION ON UPDATE CASCADE,
  ADD CONSTRAINT `fk_drindustrial_reembalaje` FOREIGN KEY (`ID_REEMBALAJE`) REFERENCES `reembalaje` (`ID_REEMBALAJE`) ON DELETE NO ACTION ON UPDATE CASCADE;

--
-- Filtros para la tabla `eexportacion`
--
ALTER TABLE `eexportacion`
  ADD CONSTRAINT `fk_eexportacion_ccomercial` FOREIGN KEY (`ID_ECOMERCIAL`) REFERENCES `ecomercial` (`ID_ECOMERCIAL`) ON DELETE NO ACTION ON UPDATE NO ACTION,
  ADD CONSTRAINT `fk_eexportacion_embalaje` FOREIGN KEY (`ID_EMBALAJE`) REFERENCES `embalaje` (`ID_EMBALAJE`) ON DELETE NO ACTION ON UPDATE CASCADE,
  ADD CONSTRAINT `fk_eexportacion_especies` FOREIGN KEY (`ID_ESPECIES`) REFERENCES `especies` (`ID_ESPECIES`) ON DELETE NO ACTION ON UPDATE NO ACTION,
  ADD CONSTRAINT `fk_eexportacion_etiqueta` FOREIGN KEY (`ID_ETIQUETA`) REFERENCES `etiqueta` (`ID_ETIQUETA`) ON DELETE NO ACTION ON UPDATE NO ACTION,
  ADD CONSTRAINT `fk_eexportacion_mercado` FOREIGN KEY (`ID_MERCADO`) REFERENCES `mercado` (`ID_MERCADO`) ON DELETE NO ACTION ON UPDATE CASCADE;

--
-- Filtros para la tabla `eindustrial`
--
ALTER TABLE `eindustrial`
  ADD CONSTRAINT `fk_eindustrial_especies` FOREIGN KEY (`ID_ESPECIES`) REFERENCES `especies` (`ID_ESPECIES`) ON DELETE NO ACTION ON UPDATE NO ACTION,
  ADD CONSTRAINT `fk_eindustrial_taindustrial` FOREIGN KEY (`ID_TAINDUSTRIAL`) REFERENCES `taindustrial` (`ID_TAINDUSTRIAL`) ON DELETE NO ACTION ON UPDATE NO ACTION;

--
-- Filtros para la tabla `empresa`
--
ALTER TABLE `empresa`
  ADD CONSTRAINT `fk_empresa_ciudad1` FOREIGN KEY (`CIUDAD`) REFERENCES `ciudad` (`ID_CIUDAD`) ON DELETE NO ACTION ON UPDATE NO ACTION;

--
-- Filtros para la tabla `erecepcion`
--
ALTER TABLE `erecepcion`
  ADD CONSTRAINT `fk_erecepcion_especies` FOREIGN KEY (`ID_ESPECIES`) REFERENCES `especies` (`ID_ESPECIES`) ON DELETE NO ACTION ON UPDATE NO ACTION;

--
-- Filtros para la tabla `exiexportacion`
--
ALTER TABLE `exiexportacion`
  ADD CONSTRAINT `fk_exiexportacion_eexportacion` FOREIGN KEY (`ID_ESTANDAR`) REFERENCES `eexportacion` (`ID_ESTANDAR`) ON DELETE NO ACTION ON UPDATE CASCADE,
  ADD CONSTRAINT `fk_exiexportacion_empresa` FOREIGN KEY (`ID_EMPRESA`) REFERENCES `empresa` (`ID_EMPRESA`) ON DELETE NO ACTION ON UPDATE CASCADE,
  ADD CONSTRAINT `fk_exiexportacion_folio` FOREIGN KEY (`ID_FOLIO`) REFERENCES `folio` (`ID_FOLIO`) ON DELETE NO ACTION ON UPDATE CASCADE,
  ADD CONSTRAINT `fk_exiexportacion_planta` FOREIGN KEY (`ID_PLANTA`) REFERENCES `planta` (`ID_PLANTA`) ON DELETE NO ACTION ON UPDATE CASCADE,
  ADD CONSTRAINT `fk_exiexportacion_proceso` FOREIGN KEY (`ID_PROCESO`) REFERENCES `proceso` (`ID_PROCESO`) ON DELETE NO ACTION ON UPDATE CASCADE,
  ADD CONSTRAINT `fk_exiexportacion_productor` FOREIGN KEY (`ID_PRODUCTOR`) REFERENCES `productor` (`ID_PRODUCTOR`) ON DELETE NO ACTION ON UPDATE CASCADE,
  ADD CONSTRAINT `fk_exiexportacion_pvespecies` FOREIGN KEY (`ID_PVESPECIES`) REFERENCES `pvespecies` (`ID_PVESPECIES`) ON DELETE NO ACTION ON UPDATE CASCADE,
  ADD CONSTRAINT `fk_exiexportacion_reembalaje` FOREIGN KEY (`ID_REEMBALAJE`) REFERENCES `reembalaje` (`ID_REEMBALAJE`) ON DELETE NO ACTION ON UPDATE CASCADE,
  ADD CONSTRAINT `fk_exiexportacion_repaletizajeex` FOREIGN KEY (`ID_REPALETIZAJE`) REFERENCES `repaletizajeex` (`ID_REPALETIZAJE`) ON DELETE NO ACTION ON UPDATE CASCADE,
  ADD CONSTRAINT `fk_exiexportacion_temporada` FOREIGN KEY (`ID_TEMPORADA`) REFERENCES `temporada` (`ID_TEMPORADA`) ON DELETE NO ACTION ON UPDATE CASCADE;

--
-- Filtros para la tabla `exiindustrial`
--
ALTER TABLE `exiindustrial`
  ADD CONSTRAINT `fk_exiindustrial_eindustrial` FOREIGN KEY (`ID_ESTANDAR`) REFERENCES `eindustrial` (`ID_ESTANDAR`) ON DELETE NO ACTION ON UPDATE CASCADE,
  ADD CONSTRAINT `fk_exiindustrial_empresa` FOREIGN KEY (`ID_EMPRESA`) REFERENCES `empresa` (`ID_EMPRESA`) ON DELETE NO ACTION ON UPDATE NO ACTION,
  ADD CONSTRAINT `fk_exiindustrial_folio` FOREIGN KEY (`ID_FOLIO`) REFERENCES `folio` (`ID_FOLIO`) ON DELETE NO ACTION ON UPDATE CASCADE,
  ADD CONSTRAINT `fk_exiindustrial_planta` FOREIGN KEY (`ID_PLANTA`) REFERENCES `planta` (`ID_PLANTA`) ON DELETE NO ACTION ON UPDATE CASCADE,
  ADD CONSTRAINT `fk_exiindustrial_proceso` FOREIGN KEY (`ID_PROCESO`) REFERENCES `proceso` (`ID_PROCESO`) ON DELETE NO ACTION ON UPDATE CASCADE,
  ADD CONSTRAINT `fk_exiindustrial_productor` FOREIGN KEY (`ID_PRODUCTOR`) REFERENCES `productor` (`ID_PRODUCTOR`) ON DELETE NO ACTION ON UPDATE CASCADE,
  ADD CONSTRAINT `fk_exiindustrial_pvespecies` FOREIGN KEY (`ID_PVESPECIES`) REFERENCES `pvespecies` (`ID_PVESPECIES`) ON DELETE NO ACTION ON UPDATE CASCADE,
  ADD CONSTRAINT `fk_exiindustrial_reembalaje` FOREIGN KEY (`ID_REEMBALAJE`) REFERENCES `reembalaje` (`ID_REEMBALAJE`) ON DELETE NO ACTION ON UPDATE CASCADE,
  ADD CONSTRAINT `fk_exiindustrial_temporada` FOREIGN KEY (`ID_TEMPORADA`) REFERENCES `temporada` (`ID_TEMPORADA`) ON DELETE NO ACTION ON UPDATE CASCADE;

--
-- Filtros para la tabla `eximateriaprima`
--
ALTER TABLE `eximateriaprima`
  ADD CONSTRAINT `fk_eximateriaprima_` FOREIGN KEY (`ID_REPALETIZAJE`) REFERENCES `repaletizajemp` (`ID_REPALETIZAJE`) ON DELETE NO ACTION ON UPDATE CASCADE,
  ADD CONSTRAINT `fk_eximateriaprima_empresa` FOREIGN KEY (`ID_EMPRESA`) REFERENCES `empresa` (`ID_EMPRESA`) ON DELETE NO ACTION ON UPDATE CASCADE,
  ADD CONSTRAINT `fk_eximateriaprima_ercepcion` FOREIGN KEY (`ID_ESTANDAR`) REFERENCES `erecepcion` (`ID_ESTANDAR`) ON DELETE NO ACTION ON UPDATE CASCADE,
  ADD CONSTRAINT `fk_eximateriaprima_folio` FOREIGN KEY (`ID_FOLIO`) REFERENCES `folio` (`ID_FOLIO`) ON DELETE NO ACTION ON UPDATE CASCADE,
  ADD CONSTRAINT `fk_eximateriaprima_planta` FOREIGN KEY (`ID_PLANTA`) REFERENCES `planta` (`ID_PLANTA`) ON DELETE NO ACTION ON UPDATE CASCADE,
  ADD CONSTRAINT `fk_eximateriaprima_proceso` FOREIGN KEY (`ID_PROCESO`) REFERENCES `proceso` (`ID_PROCESO`) ON DELETE NO ACTION ON UPDATE CASCADE,
  ADD CONSTRAINT `fk_eximateriaprima_productor` FOREIGN KEY (`ID_PRODUCTOR`) REFERENCES `productor` (`ID_PRODUCTOR`) ON DELETE NO ACTION ON UPDATE CASCADE,
  ADD CONSTRAINT `fk_eximateriaprima_pvespecies` FOREIGN KEY (`ID_PVESPECIES`) REFERENCES `pvespecies` (`ID_PVESPECIES`) ON DELETE NO ACTION ON UPDATE CASCADE,
  ADD CONSTRAINT `fk_eximateriaprima_recepcion` FOREIGN KEY (`ID_RECEPCION`) REFERENCES `recepcion` (`ID_RECEPCION`) ON DELETE NO ACTION ON UPDATE CASCADE,
  ADD CONSTRAINT `fk_eximateriaprima_temporada` FOREIGN KEY (`ID_TEMPORADA`) REFERENCES `temporada` (`ID_TEMPORADA`) ON DELETE NO ACTION ON UPDATE CASCADE;

--
-- Filtros para la tabla `exportadora`
--
ALTER TABLE `exportadora`
  ADD CONSTRAINT `fk_ciudad_exportadora` FOREIGN KEY (`CIUDAD`) REFERENCES `ciudad` (`ID_CIUDAD`) ON DELETE NO ACTION ON UPDATE CASCADE;

--
-- Filtros para la tabla `folio`
--
ALTER TABLE `folio`
  ADD CONSTRAINT `fk_folio_afolio` FOREIGN KEY (`ID_AFOLIO`) REFERENCES `afolio` (`ID_AFOLIO`) ON DELETE NO ACTION ON UPDATE NO ACTION,
  ADD CONSTRAINT `fk_folio_empresa` FOREIGN KEY (`ID_EMPRESA`) REFERENCES `empresa` (`ID_EMPRESA`) ON DELETE NO ACTION ON UPDATE NO ACTION,
  ADD CONSTRAINT `fk_folio_planta` FOREIGN KEY (`ID_PLANTA`) REFERENCES `planta` (`ID_PLANTA`) ON DELETE NO ACTION ON UPDATE NO ACTION,
  ADD CONSTRAINT `fk_folio_temporada` FOREIGN KEY (`ID_TEMPORADA`) REFERENCES `temporada` (`ID_TEMPORADA`) ON DELETE NO ACTION ON UPDATE NO ACTION;

--
-- Filtros para la tabla `hcusuario`
--
ALTER TABLE `hcusuario`
  ADD CONSTRAINT `fk_hcusuario_usuario` FOREIGN KEY (`NOMBRE_USUARIO`) REFERENCES `usuario` (`NOMBRE_USUARIO`) ON DELETE NO ACTION ON UPDATE CASCADE;

--
-- Filtros para la tabla `icarga`
--
ALTER TABLE `icarga`
  ADD CONSTRAINT `fk_icarga_aaduana` FOREIGN KEY (`ID_AADUANA`) REFERENCES `aaduana` (`ID_AADUANA`) ON DELETE NO ACTION ON UPDATE CASCADE,
  ADD CONSTRAINT `fk_icarga_acarga` FOREIGN KEY (`ID_ACARGA`) REFERENCES `acarga` (`ID_ACARGA`) ON DELETE NO ACTION ON UPDATE CASCADE,
  ADD CONSTRAINT `fk_icarga_adestino` FOREIGN KEY (`ID_ADESTINO`) REFERENCES `adestino` (`ID_ADESTINO`) ON DELETE NO ACTION ON UPDATE CASCADE,
  ADD CONSTRAINT `fk_icarga_aeronave` FOREIGN KEY (`ID_AERONAVE`) REFERENCES `aeronave` (`ID_AERONAVE`) ON DELETE NO ACTION ON UPDATE CASCADE,
  ADD CONSTRAINT `fk_icarga_agcarga` FOREIGN KEY (`ID_AGCARGA`) REFERENCES `agcarga` (`ID_AGCARGA`) ON DELETE NO ACTION ON UPDATE CASCADE,
  ADD CONSTRAINT `fk_icarga_atmosfera` FOREIGN KEY (`ID_ATMOSFERA`) REFERENCES `atmosfera` (`ID_ATMOSFERA`) ON DELETE NO ACTION ON UPDATE CASCADE,
  ADD CONSTRAINT `fk_icarga_broker` FOREIGN KEY (`ID_BROKER`) REFERENCES `broker` (`ID_BROKER`) ON DELETE NO ACTION ON UPDATE CASCADE,
  ADD CONSTRAINT `fk_icarga_consignatario` FOREIGN KEY (`ID_CONSIGNATARIO`) REFERENCES `consignatario` (`ID_CONSIGNATARIO`) ON DELETE NO ACTION ON UPDATE CASCADE,
  ADD CONSTRAINT `fk_icarga_cventa` FOREIGN KEY (`ID_CVENTA`) REFERENCES `cventa` (`ID_CVENTA`) ON DELETE NO ACTION ON UPDATE CASCADE,
  ADD CONSTRAINT `fk_icarga_dfinal` FOREIGN KEY (`ID_DFINAL`) REFERENCES `dfinal` (`ID_DFINAL`) ON DELETE NO ACTION ON UPDATE CASCADE,
  ADD CONSTRAINT `fk_icarga_empresa` FOREIGN KEY (`ID_EMPRESA`) REFERENCES `empresa` (`ID_EMPRESA`) ON DELETE NO ACTION ON UPDATE CASCADE,
  ADD CONSTRAINT `fk_icarga_exportadora` FOREIGN KEY (`ID_EXPPORTADORA`) REFERENCES `exportadora` (`ID_EXPORTADORA`) ON DELETE NO ACTION ON UPDATE CASCADE,
  ADD CONSTRAINT `fk_icarga_fpago` FOREIGN KEY (`ID_FPAGO`) REFERENCES `fpago` (`ID_FPAGO`) ON DELETE NO ACTION ON UPDATE CASCADE,
  ADD CONSTRAINT `fk_icarga_lcarga` FOREIGN KEY (`ID_LCARGA`) REFERENCES `lcarga` (`ID_LCARGA`) ON DELETE NO ACTION ON UPDATE CASCADE,
  ADD CONSTRAINT `fk_icarga_ldestino` FOREIGN KEY (`ID_LDESTINO`) REFERENCES `ldestino` (`ID_LDESTINO`) ON DELETE NO ACTION ON UPDATE CASCADE,
  ADD CONSTRAINT `fk_icarga_mercado` FOREIGN KEY (`ID_MERCADO`) REFERENCES `mercado` (`ID_MERCADO`) ON DELETE NO ACTION ON UPDATE NO ACTION,
  ADD CONSTRAINT `fk_icarga_mventa` FOREIGN KEY (`ID_MVENTA`) REFERENCES `mventa` (`ID_MVENTA`) ON DELETE NO ACTION ON UPDATE CASCADE,
  ADD CONSTRAINT `fk_icarga_nave` FOREIGN KEY (`ID_NAVE`) REFERENCES `nave` (`ID_NAVE`) ON DELETE NO ACTION ON UPDATE CASCADE,
  ADD CONSTRAINT `fk_icarga_naviera` FOREIGN KEY (`ID_NAVIERA`) REFERENCES `naviera` (`ID_NAVIERA`) ON DELETE NO ACTION ON UPDATE CASCADE,
  ADD CONSTRAINT `fk_icarga_notificador` FOREIGN KEY (`ID_NOTIFICADOR`) REFERENCES `notificador` (`ID_NOTIFICADOR`) ON DELETE NO ACTION ON UPDATE CASCADE,
  ADD CONSTRAINT `fk_icarga_pais` FOREIGN KEY (`ID_PAIS`) REFERENCES `pais` (`ID_PAIS`) ON DELETE NO ACTION ON UPDATE CASCADE,
  ADD CONSTRAINT `fk_icarga_pcarga` FOREIGN KEY (`ID_PCARGA`) REFERENCES `pcarga` (`ID_PCARGA`) ON DELETE NO ACTION ON UPDATE CASCADE,
  ADD CONSTRAINT `fk_icarga_pdestino` FOREIGN KEY (`ID_PDESTINO`) REFERENCES `pdestino` (`ID_PDESTINO`) ON DELETE NO ACTION ON UPDATE CASCADE,
  ADD CONSTRAINT `fk_icarga_planta` FOREIGN KEY (`ID_PLANTA`) REFERENCES `planta` (`ID_PLANTA`) ON DELETE NO ACTION ON UPDATE CASCADE,
  ADD CONSTRAINT `fk_icarga_rfinal` FOREIGN KEY (`ID_RFINAL`) REFERENCES `rfinal` (`ID_RFINAL`) ON DELETE NO ACTION ON UPDATE CASCADE,
  ADD CONSTRAINT `fk_icarga_tcontenedor` FOREIGN KEY (`ID_TCONTENEDOR`) REFERENCES `tcontenedor` (`ID_TCONTENEDOR`) ON DELETE NO ACTION ON UPDATE CASCADE,
  ADD CONSTRAINT `fk_icarga_temporada` FOREIGN KEY (`ID_TEMPORADA`) REFERENCES `temporada` (`ID_TEMPORADA`) ON DELETE NO ACTION ON UPDATE CASCADE,
  ADD CONSTRAINT `fk_icarga_tflete` FOREIGN KEY (`ID_TFLETE`) REFERENCES `tflete` (`ID_TFLETE`) ON DELETE NO ACTION ON UPDATE CASCADE,
  ADD CONSTRAINT `fk_icarga_tmoneda` FOREIGN KEY (`ID_TMONEDA`) REFERENCES `tmoneda` (`ID_TMONEDA`) ON DELETE NO ACTION ON UPDATE CASCADE,
  ADD CONSTRAINT `fk_icarga_transporte` FOREIGN KEY (`ID_TRANSPORTE`) REFERENCES `transporte` (`ID_TRANSPORTE`) ON DELETE NO ACTION ON UPDATE CASCADE,
  ADD CONSTRAINT `fk_icarga_tservicio` FOREIGN KEY (`ID_TSERVICIO`) REFERENCES `tservicio` (`ID_TSERVICIO`) ON DELETE NO ACTION ON UPDATE CASCADE,
  ADD CONSTRAINT `fk_icarga_vehiculo` FOREIGN KEY (`ID_VEHICULO`) REFERENCES `tvehiculo` (`ID_TVEHICULO`) ON DELETE NO ACTION ON UPDATE CASCADE;

--
-- Filtros para la tabla `laerea`
--
ALTER TABLE `laerea`
  ADD CONSTRAINT `fk_larea_ciudad` FOREIGN KEY (`CIUDAD`) REFERENCES `ciudad` (`ID_CIUDAD`) ON DELETE NO ACTION ON UPDATE CASCADE;

--
-- Filtros para la tabla `nave`
--
ALTER TABLE `nave`
  ADD CONSTRAINT `fk_nave_naviera` FOREIGN KEY (`ID_NAVIERA`) REFERENCES `naviera` (`ID_NAVIERA`) ON DELETE NO ACTION ON UPDATE CASCADE;

--
-- Filtros para la tabla `naviera`
--
ALTER TABLE `naviera`
  ADD CONSTRAINT `fk_naviera_ciudad` FOREIGN KEY (`CIUDAD`) REFERENCES `ciudad` (`ID_CIUDAD`) ON DELETE NO ACTION ON UPDATE CASCADE;

--
-- Filtros para la tabla `notificador`
--
ALTER TABLE `notificador`
  ADD CONSTRAINT `fk_notificador_ciudad` FOREIGN KEY (`CIUDAD`) REFERENCES `ciudad` (`ID_CIUDAD`) ON DELETE NO ACTION ON UPDATE CASCADE;

--
-- Filtros para la tabla `pae`
--
ALTER TABLE `pae`
  ADD CONSTRAINT `fk_pae_empresa` FOREIGN KEY (`ID_EMPRESA`) REFERENCES `empresa` (`ID_EMPRESA`) ON DELETE NO ACTION ON UPDATE CASCADE,
  ADD CONSTRAINT `fk_pae_productor` FOREIGN KEY (`ID_PRODUCTOR`) REFERENCES `productor` (`ID_PRODUCTOR`) ON DELETE NO ACTION ON UPDATE CASCADE;

--
-- Filtros para la tabla `planta`
--
ALTER TABLE `planta`
  ADD CONSTRAINT `fk_ciudad_planta` FOREIGN KEY (`CIUDAD`) REFERENCES `ciudad` (`ID_CIUDAD`) ON DELETE NO ACTION ON UPDATE NO ACTION,
  ADD CONSTRAINT `fk_planta_empresa1` FOREIGN KEY (`ID_EMPRESA`) REFERENCES `empresa` (`ID_EMPRESA`) ON DELETE NO ACTION ON UPDATE NO ACTION;

--
-- Filtros para la tabla `proceso`
--
ALTER TABLE `proceso`
  ADD CONSTRAINT `fk_proceso_empresa` FOREIGN KEY (`ID_EMPRESA`) REFERENCES `empresa` (`ID_EMPRESA`) ON DELETE NO ACTION ON UPDATE CASCADE,
  ADD CONSTRAINT `fk_proceso_planta` FOREIGN KEY (`ID_PLANTA`) REFERENCES `planta` (`ID_PLANTA`) ON DELETE NO ACTION ON UPDATE CASCADE,
  ADD CONSTRAINT `fk_proceso_productor` FOREIGN KEY (`ID_PRODUCTOR`) REFERENCES `productor` (`ID_PRODUCTOR`) ON DELETE NO ACTION ON UPDATE CASCADE,
  ADD CONSTRAINT `fk_proceso_pvespecies` FOREIGN KEY (`ID_PVESPECIES`) REFERENCES `pvespecies` (`ID_PVESPECIES`) ON DELETE NO ACTION ON UPDATE CASCADE,
  ADD CONSTRAINT `fk_proceso_temporada` FOREIGN KEY (`ID_TEMPORADA`) REFERENCES `temporada` (`ID_TEMPORADA`) ON DELETE NO ACTION ON UPDATE CASCADE,
  ADD CONSTRAINT `fk_proceso_tproceso` FOREIGN KEY (`ID_TPROCESO`) REFERENCES `tproceso` (`ID_TPROCESO`) ON DELETE NO ACTION ON UPDATE CASCADE;

--
-- Filtros para la tabla `productor`
--
ALTER TABLE `productor`
  ADD CONSTRAINT `fk_productor_ciudad` FOREIGN KEY (`CIUDAD`) REFERENCES `ciudad` (`ID_CIUDAD`) ON DELETE NO ACTION ON UPDATE NO ACTION,
  ADD CONSTRAINT `fk_productor_tproductor` FOREIGN KEY (`ID_TPRODUCTOR`) REFERENCES `tproductor` (`ID_TPRODUCTOR`) ON DELETE NO ACTION ON UPDATE NO ACTION;

--
-- Filtros para la tabla `provincia`
--
ALTER TABLE `provincia`
  ADD CONSTRAINT `fk_provincia_region` FOREIGN KEY (`ID_REGION`) REFERENCES `region` (`ID_REGION`) ON DELETE NO ACTION ON UPDATE NO ACTION;

--
-- Filtros para la tabla `ptusuario`
--
ALTER TABLE `ptusuario`
  ADD CONSTRAINT `fk_ptusuario_tusuario` FOREIGN KEY (`ID_TUSUARIO`) REFERENCES `tusuario` (`ID_TUSUARIO`) ON DELETE NO ACTION ON UPDATE CASCADE;

--
-- Filtros para la tabla `pvespecies`
--
ALTER TABLE `pvespecies`
  ADD CONSTRAINT `fk_productor_pvespecies` FOREIGN KEY (`ID_PRODUCTOR`) REFERENCES `productor` (`ID_PRODUCTOR`) ON DELETE NO ACTION ON UPDATE NO ACTION,
  ADD CONSTRAINT `fk_productor_vespecies` FOREIGN KEY (`ID_VESPECIES`) REFERENCES `vespecies` (`ID_VESPECIES`) ON DELETE NO ACTION ON UPDATE NO ACTION;

--
-- Filtros para la tabla `recepcion`
--
ALTER TABLE `recepcion`
  ADD CONSTRAINT `fk_recepcion_conductor` FOREIGN KEY (`ID_CONDUCTOR`) REFERENCES `conductor` (`ID_CONDUCTOR`) ON DELETE NO ACTION ON UPDATE CASCADE,
  ADD CONSTRAINT `fk_recepcion_empresa` FOREIGN KEY (`ID_EMPRESA`) REFERENCES `empresa` (`ID_EMPRESA`) ON DELETE NO ACTION ON UPDATE CASCADE,
  ADD CONSTRAINT `fk_recepcion_planta` FOREIGN KEY (`ID_PLANTA`) REFERENCES `planta` (`ID_PLANTA`) ON DELETE NO ACTION ON UPDATE CASCADE,
  ADD CONSTRAINT `fk_recepcion_productor` FOREIGN KEY (`ID_PRODUCTOR`) REFERENCES `productor` (`ID_PRODUCTOR`) ON DELETE NO ACTION ON UPDATE NO ACTION,
  ADD CONSTRAINT `fk_recepcion_temporada` FOREIGN KEY (`ID_TEMPORADA`) REFERENCES `temporada` (`ID_TEMPORADA`) ON DELETE NO ACTION ON UPDATE CASCADE,
  ADD CONSTRAINT `fk_recepcion_transporte` FOREIGN KEY (`ID_TRANSPORTE`) REFERENCES `transporte` (`ID_TRANSPORTE`) ON DELETE NO ACTION ON UPDATE CASCADE,
  ADD CONSTRAINT `fk_recepcion_trecepcion` FOREIGN KEY (`ID_TRECEPCION`) REFERENCES `trecepcion` (`ID_TRECEPCION`) ON DELETE NO ACTION ON UPDATE NO ACTION;

--
-- Filtros para la tabla `reembalaje`
--
ALTER TABLE `reembalaje`
  ADD CONSTRAINT `fk_reembalaje_empresa` FOREIGN KEY (`ID_EMPRESA`) REFERENCES `empresa` (`ID_EMPRESA`) ON DELETE NO ACTION ON UPDATE CASCADE,
  ADD CONSTRAINT `fk_reembalaje_planta` FOREIGN KEY (`ID_PLANTA`) REFERENCES `planta` (`ID_PLANTA`) ON DELETE NO ACTION ON UPDATE CASCADE,
  ADD CONSTRAINT `fk_reembalaje_productor` FOREIGN KEY (`ID_PRODUCTOR`) REFERENCES `productor` (`ID_PRODUCTOR`) ON DELETE NO ACTION ON UPDATE CASCADE,
  ADD CONSTRAINT `fk_reembalaje_pvespecies` FOREIGN KEY (`ID_PVESPECIES`) REFERENCES `pvespecies` (`ID_PVESPECIES`) ON DELETE NO ACTION ON UPDATE CASCADE,
  ADD CONSTRAINT `fk_reembalaje_temporada` FOREIGN KEY (`ID_TEMPORADA`) REFERENCES `temporada` (`ID_TEMPORADA`) ON DELETE NO ACTION ON UPDATE CASCADE,
  ADD CONSTRAINT `fk_reembalaje_treembalaje` FOREIGN KEY (`ID_TREEMBALAJE`) REFERENCES `treembalaje` (`ID_TREEMBALAJE`) ON DELETE NO ACTION ON UPDATE CASCADE;

--
-- Filtros para la tabla `region`
--
ALTER TABLE `region`
  ADD CONSTRAINT `fk_region_pais` FOREIGN KEY (`ID_PAIS`) REFERENCES `pais` (`ID_PAIS`) ON DELETE NO ACTION ON UPDATE NO ACTION;

--
-- Filtros para la tabla `repaletizajeex`
--
ALTER TABLE `repaletizajeex`
  ADD CONSTRAINT `fk_repaletizajeex_empresa` FOREIGN KEY (`ID_EMPRESA`) REFERENCES `empresa` (`ID_EMPRESA`) ON DELETE NO ACTION ON UPDATE CASCADE,
  ADD CONSTRAINT `fk_repaletizajeex_planta` FOREIGN KEY (`ID_PLANTA`) REFERENCES `planta` (`ID_PLANTA`) ON DELETE NO ACTION ON UPDATE CASCADE,
  ADD CONSTRAINT `fk_repaletizajeex_temporada` FOREIGN KEY (`ID_TEMPORADA`) REFERENCES `temporada` (`ID_TEMPORADA`) ON DELETE NO ACTION ON UPDATE CASCADE;

--
-- Filtros para la tabla `repaletizajehfo`
--
ALTER TABLE `repaletizajehfo`
  ADD CONSTRAINT `fk_repaletizajehfo_exiexportacion` FOREIGN KEY (`ID_EXIEXPORTACION`) REFERENCES `exiexportacion` (`ID_EXIEXPORTACION`) ON DELETE NO ACTION ON UPDATE CASCADE,
  ADD CONSTRAINT `fk_repaletizajehfo_eximateriapirma` FOREIGN KEY (`ID_EXIMATERIAPRIMA`) REFERENCES `eximateriaprima` (`ID_EXIMATERIAPRIMA`) ON DELETE NO ACTION ON UPDATE CASCADE,
  ADD CONSTRAINT `fk_repaletizajehfo_replaetizajeex` FOREIGN KEY (`ID_REPALETIZAJEEX`) REFERENCES `repaletizajeex` (`ID_REPALETIZAJE`) ON DELETE NO ACTION ON UPDATE CASCADE,
  ADD CONSTRAINT `fk_repaletizajehfo_replaetizajemp` FOREIGN KEY (`ID_REPALETIZAJEMP`) REFERENCES `repaletizajemp` (`ID_REPALETIZAJE`) ON DELETE NO ACTION ON UPDATE CASCADE;

--
-- Filtros para la tabla `repaletizajemp`
--
ALTER TABLE `repaletizajemp`
  ADD CONSTRAINT `fk_repaletizajemp_empresa` FOREIGN KEY (`ID_EMPRESA`) REFERENCES `empresa` (`ID_EMPRESA`) ON DELETE NO ACTION ON UPDATE CASCADE,
  ADD CONSTRAINT `fk_repaletizajemp_planta` FOREIGN KEY (`ID_PLANTA`) REFERENCES `planta` (`ID_PLANTA`) ON DELETE NO ACTION ON UPDATE CASCADE,
  ADD CONSTRAINT `fk_repaletizajemp_temporada` FOREIGN KEY (`ID_TEMPORADA`) REFERENCES `temporada` (`ID_TEMPORADA`) ON DELETE NO ACTION ON UPDATE CASCADE;

--
-- Filtros para la tabla `rfinal`
--
ALTER TABLE `rfinal`
  ADD CONSTRAINT `fk_rfinal_ciudad` FOREIGN KEY (`CIUDAD`) REFERENCES `ciudad` (`ID_CIUDAD`) ON DELETE NO ACTION ON UPDATE CASCADE;

--
-- Filtros para la tabla `rmercado`
--
ALTER TABLE `rmercado`
  ADD CONSTRAINT `fk_rmercado_mercado` FOREIGN KEY (`ID_MERCADO`) REFERENCES `mercado` (`ID_MERCADO`) ON DELETE NO ACTION ON UPDATE CASCADE,
  ADD CONSTRAINT `fk_rmercado_productor` FOREIGN KEY (`ID_PRODUCTOR`) REFERENCES `productor` (`ID_PRODUCTOR`) ON DELETE NO ACTION ON UPDATE CASCADE;

--
-- Filtros para la tabla `transporte`
--
ALTER TABLE `transporte`
  ADD CONSTRAINT `fk_transporte_ciudad` FOREIGN KEY (`CIUDAD`) REFERENCES `ciudad` (`ID_CIUDAD`) ON DELETE NO ACTION ON UPDATE CASCADE;

--
-- Filtros para la tabla `tvehiculo`
--
ALTER TABLE `tvehiculo`
  ADD CONSTRAINT `fk_vehiculo_transporte` FOREIGN KEY (`ID_TRANSPORTE`) REFERENCES `transporte` (`ID_TRANSPORTE`) ON DELETE NO ACTION ON UPDATE NO ACTION;

--
-- Filtros para la tabla `uae`
--
ALTER TABLE `uae`
  ADD CONSTRAINT `fk_uae_empresa` FOREIGN KEY (`ID_EMPRESA`) REFERENCES `empresa` (`ID_EMPRESA`) ON DELETE NO ACTION ON UPDATE NO ACTION,
  ADD CONSTRAINT `fk_uae_usuario` FOREIGN KEY (`NOMBRE_USUARIO`) REFERENCES `usuario` (`NOMBRE_USUARIO`) ON DELETE NO ACTION ON UPDATE CASCADE;

--
-- Filtros para la tabla `usuario`
--
ALTER TABLE `usuario`
  ADD CONSTRAINT `fk_usuario_tusuario` FOREIGN KEY (`ID_TUSUARIO`) REFERENCES `tusuario` (`ID_TUSUARIO`) ON DELETE NO ACTION ON UPDATE CASCADE;

--
-- Filtros para la tabla `vespecies`
--
ALTER TABLE `vespecies`
  ADD CONSTRAINT `fk_vespecies_especies` FOREIGN KEY (`ID_ESPECIES`) REFERENCES `especies` (`ID_ESPECIES`) ON DELETE NO ACTION ON UPDATE NO ACTION;
COMMIT;

/*!40101 SET CHARACTER_SET_CLIENT=@OLD_CHARACTER_SET_CLIENT */;
/*!40101 SET CHARACTER_SET_RESULTS=@OLD_CHARACTER_SET_RESULTS */;
/*!40101 SET COLLATION_CONNECTION=@OLD_COLLATION_CONNECTION */;
